N_A,N_B,r_Z_A,r_Z_B,c_T1,c_T2,c_T3,c_T4,r_A_T1,r_B_T1,r_A_T2,r_B_T2,r_A_T3,r_B_T4,R0,R0_low,R0_up,R0_A,R0_A_low,R0_A_up,R0_B,R0_B_low,R0_B_up,X0,X0_low,X0_up,X0_A,X0_A_low,X0_A_up,X0_B,X0_B_low,X0_B_up,Ut1,Ut1_low,Ut1_up,Ut2,Ut2_low,Ut2_up,Ut3_A,Ut3_A_low,Ut3_A_up,Ut3_B,Ut3_B_low,Ut3_B_up,sim_time_sec
0,50,0.01,0.01,1,1,1,1,0.08333333333333333,0.125,0.06666666666666667,0.1111111111111111,0.09090909090909091,0.1,499.86910626433894,490.7654639692399,508.972748559438,0.0,0.0,0.0,499.86910626433894,490.7654639692399,508.972748559438,0.10007870995089856,0.09847203496007706,0.10173868375828257,0.0,0.0,0.0,0.10007870995089856,0.09847203496007706,0.10173868375828257,0.7960549488105694,0.7731342757005566,0.8189756219205822,0.9176415024508887,0.8925634108262522,0.9427195940755252,0.0,0.0,0.0,0.9974347873593132,0.9849687923172656,1.0099007824013608,5.452318906784058
18,32,0.01,0.01,1,1,1,1,0.08333333333333333,0.125,0.06666666666666667,0.1111111111111111,0.09090909090909091,0.1,533.6853110623977,524.2203485305923,543.150273594203,683.3926749351988,671.9184192684769,694.8669306019207,477.8526619509901,470.5399360993367,485.1653878026435,0.09360808398211166,0.09199058505716708,0.09528348294973862,0.02633168238506156,0.02591463730398715,0.026762370056238428,0.06692630253204836,0.06572698342985307,0.06817020301879792,0.8555344988738917,0.8361749415270558,0.8748940562207275,1.0,0.9874855732602297,1.0125144267397703,0.28911384120238987,0.2813246410039464,0.29690304140083335,0.6733570442371664,0.6609778618831368,0.6857362265911959,6.92497181892395
14,36,0.01,0.01,1,1,1,1,0.08333333333333333,0.125,0.06666666666666667,0.1111111111111111,0.09090909090909091,0.1,515.0746943445399,505.1451535710662,525.0042351180136,659.9575547780009,647.6182134988312,672.2968960571707,475.87378574468596,463.25671503950656,488.49085644986536,0.09730705718152356,0.0954535479920544,0.09923397438148923,0.021207437014967283,0.02085627141169984,0.021570630576741284,0.07607673306321366,0.07404458438022632,0.07822357383319357,0.8598780550329322,0.8404678719128024,0.8792882381530621,1.0,0.9874855732602297,1.0125144267397703,0.23365068859551147,0.2273577790030259,0.23994359818799704,0.7714778148226802,0.7528254097873723,0.790130219857988,8.18512487411499
12,38,0.01,0.01,1,1,1,1,0.08333333333333333,0.125,0.06666666666666667,0.1111111111111111,0.09090909090909091,0.1,505.9387155240779,497.30513369218346,514.5722973559723,645.8368435774689,632.353526716962,659.3201604379758,476.004939517335,468.48720177629644,483.52267725837356,0.09876552534086017,0.09728993725374485,0.10028656299209139,0.018587416144025738,0.018165816878441456,0.019029049647762333,0.07957174920091337,0.07730546042680496,0.0819749282070041,0.8684913318937121,0.8542498021537434,0.8827328616336808,0.9986264401229278,0.9857546135877641,1.0114982666580916,0.20407217044534914,0.1994603755086234,0.2086839653820749,0.7992923466036629,0.7828894278085352,0.8156952653987906,8.502411603927612
16,34,0.01,0.01,1,1,1,1,0.08333333333333333,0.125,0.06666666666666667,0.1111111111111111,0.09090909090909091,0.1,519.9239357214661,506.36364799233104,533.4842234506012,672.5950435335826,659.783956766493,685.4061303006722,472.6300984043082,464.1309476391554,481.12924916946105,0.09616611033882536,0.09340628085988592,0.09909399181840657,0.02400954836090347,0.023395548359285014,0.02465664497176627,0.07165350568882428,0.07058719829739794,0.0727525230020653,0.8722853391929474,0.8527888624819654,0.8917818159039294,0.9993096777090587,0.9867372680471471,1.0118820873709702,0.260065847463949,0.25330847773721965,0.26682321719067836,0.7263165751956318,0.7085854477824828,0.7440477026087807,9.050343751907349
10,40,0.01,0.01,1,1,1,1,0.08333333333333333,0.125,0.06666666666666667,0.1111111111111111,0.09090909090909091,0.1,500.9783092984084,490.9062111014889,511.05040749532793,631.1353519810322,619.9619523071707,642.3087516548936,476.2838814191705,469.62340007267534,482.94436276566563,0.10006573142964235,0.09722548028251528,0.10307692090372282,0.015845943199935614,0.015581845902385795,0.016119147238217696,0.08399525953597566,0.0825186833259778,0.08552564178289729,0.862475151261194,0.845468415930351,0.879481886592037,0.9982251041142369,0.9856978626184887,1.0107523456099852,0.17218128445922834,0.16783212881978926,0.17653044009866742,0.8414787280659685,0.8169680688625708,0.8659893872693661,11.660428762435913
8,42,0.01,0.01,1,1,1,1,0.08333333333333333,0.125,0.06666666666666667,0.1111111111111111,0.09090909090909091,0.1,499.56407303596177,486.67114662711896,512.4569994448046,594.5110821892808,584.9462466040325,604.0759177745292,477.9339491615424,470.96800704927045,484.8998912738143,0.10125535425446552,0.09930335812636908,0.1032856294904428,0.013455022699709673,0.013236282652533616,0.013681113935921809,0.08813834876172678,0.08679782817865542,0.08952092532536199,0.8658900715080435,0.843197721407656,0.888582421608431,0.9996433144156802,0.9871329695503646,1.0121536592809959,0.14862752140472874,0.14533613180011073,0.15191891100934674,0.8753287281348868,0.8543821558376601,0.8962753004321136,13.103205442428589
19,31,0.01,0.01,1,1,1,1,0.08333333333333333,0.125,0.06666666666666667,0.1111111111111111,0.09090909090909091,0.1,541.7353853696043,532.8844396008099,550.5863311383987,687.9893202900407,677.3620749970136,698.6165655830679,477.3422226250575,470.0305659861076,484.6538792640074,0.09161942880500615,0.08922624118338629,0.09414453271327831,0.027619234837468136,0.027168088059140776,0.028085617897034124,0.06457259867450407,0.06274615745213946,0.06650855739777661,0.8415006624496403,0.8187204558807564,0.8642808690185242,0.9999132544777736,0.9874136176909162,1.012412891264631,0.3030195336786695,0.29428995263064556,0.3117491147266935,0.6440287726490622,0.6306168810229863,0.6574406642751381,10.397402286529541
6,44,0.01,0.01,1,1,1,1,0.08333333333333333,0.125,0.06666666666666667,0.1111111111111111,0.09090909090909091,0.1,486.0929764656709,477.7454772076498,494.44047572369203,551.6297531876731,541.1200746552861,562.1394317200602,477.54904718397717,469.05209333158524,486.0460010363691,0.10286889763918008,0.10114098928633328,0.10465687187566722,0.010877407764468992,0.010667569280973887,0.011095667231446699,0.09246692710196718,0.09093479774473634,0.09405156988882216,0.8796889224173012,0.8561893629433661,0.9031884818912363,0.9943632947430485,0.9805295355001059,1.008197053985991,0.11903219025728491,0.11586174859725029,0.12220263191731953,0.9338407457043403,0.9081583490150185,0.9595231423936621,19.639394283294678
17,33,0.01,0.01,1,1,1,1,0.08333333333333333,0.125,0.06666666666666667,0.1111111111111111,0.09090909090909091,0.1,530.7757069256911,521.0206300837987,540.5307837675836,675.1177387527002,662.3257867505226,687.9096907548778,476.9896565295822,468.6036073039253,485.3757057552391,0.0940440084605948,0.09219334245058776,0.09597049610475161,0.02517920137501037,0.02471663800060033,0.025659408372493506,0.06914984302809705,0.06753269882908627,0.07084633588388758,0.8670713584220495,0.8509192058574687,0.8832235109866303,1.0,0.9874855732602297,1.0125144267397703,0.27668520618870435,0.26970357146396184,0.28366684091344685,0.6916593992631147,0.6727203787695923,0.7105984197566371,12.661419868469238
15,35,0.01,0.01,1,1,1,1,0.08333333333333333,0.125,0.06666666666666667,0.1111111111111111,0.09090909090909091,0.1,516.8218457888963,507.6989686673451,525.9447229104475,665.9823448229458,653.8575130727469,678.1071765731448,470.9334323578106,461.7270556360108,480.1398090796104,0.09679800958843085,0.09517243508013379,0.09848007968548143,0.022522949545633792,0.022137998370331986,0.022921525240391438,0.07445612442382417,0.0723335039200471,0.07670708736067797,0.8603711469201332,0.8356356322970577,0.8851066615432086,1.0,0.9874855732602297,1.0125144267397703,0.24819217503192895,0.24293727422315556,0.25344707584070236,0.7327229322572909,0.714420600586069,0.7510252639285128,16.814292669296265
13,37,0.01,0.01,1,1,1,1,0.08333333333333333,0.125,0.06666666666666667,0.1111111111111111,0.09090909090909091,0.1,511.82990460198795,502.1291191742297,521.5306900297462,655.9958024952746,645.71754533787,666.2740596526792,467.95837733419876,459.20152531761283,476.7152293507847,0.09762267666619374,0.09598355333974518,0.09931875566620839,0.019807359019087967,0.019467366056122707,0.02015943887075487,0.07823596434943497,0.0769436905226317,0.07957238729376648,0.8823921175015715,0.8560304637245633,0.9087537712785798,0.9975682953942362,0.9843133642541331,1.0108232265343393,0.21637153011023189,0.21025185831835427,0.2224912019021095,0.7884456192639069,0.7730508397772352,0.8038403987505786,20.79963493347168
4,46,0.01,0.01,1,1,1,1,0.08333333333333333,0.125,0.06666666666666667,0.1111111111111111,0.09090909090909091,0.1,477.1985726518667,469.151837647252,485.2453076564814,469.6875228563646,460.0327323966115,479.34231331611767,478.862347459568,471.0616941843664,486.66300073476964,0.10478574951143296,0.10198602416564852,0.10774353019560771,0.008415744497076414,0.00824065483104701,0.00859843595926593,0.09621149384001133,0.09466396516224843,0.09781046016077075,0.8718698676578068,0.8512918277103578,0.8924479076052558,0.9948041366130618,0.9817282267448618,1.0078800464812616,0.09223719964797554,0.08990849189608617,0.09456590739986491,0.9664048649167293,0.9404936113294887,0.9923161185039698,29.46021819114685
20,30,0.01,0.01,1,1,1,1,0.08333333333333333,0.125,0.06666666666666667,0.1111111111111111,0.09090909090909091,0.1,546.8865749877339,531.8832853518251,561.8898646236427,698.146447729501,683.6931068624364,712.5997885965656,478.13419606057266,471.1217899455827,485.14660217556263,0.09127477565603817,0.0895176419369919,0.09310227175035561,0.02880593368580985,0.02829618185383631,0.029334388671084902,0.06284210384728232,0.061737612175799636,0.06398683431374136,0.8573912212412231,0.8341339366829272,0.880648505799519,1.0,0.9874855732602297,1.0125144267397703,0.3123862363600184,0.3048660383404804,0.31990643437955635,0.6294215909980543,0.6144029879722361,0.6444401940238724,16.633368730545044
11,39,0.01,0.01,1,1,1,1,0.08333333333333333,0.125,0.06666666666666667,0.1111111111111111,0.09090909090909091,0.1,503.2163558171614,494.4738189891747,511.9588926451481,639.6204385797661,629.4373480642979,649.8035290952342,474.2262943153162,466.3176041190298,482.13498451160257,0.09935564191128633,0.09822792588007377,0.10050955239561146,0.01716993804504039,0.01688061498964411,0.017469351674542125,0.08224067323116334,0.08009102740121452,0.0845088947676511,0.8589594352553916,0.8428201678390728,0.8750987026717105,0.998728505193005,0.986123551590079,1.011333458795931,0.18922080711131012,0.18399118745703574,0.1944504267655845,0.8299122413799844,0.8089330959498364,0.8508913868101324,24.135387897491455
22,28,0.01,0.01,1,1,1,1,0.08333333333333333,0.125,0.06666666666666667,0.1111111111111111,0.09090909090909091,0.1,553.6577549592324,543.5182626651572,563.7972472533077,695.1625847104966,681.6554706757763,708.6696987452169,479.5691374421304,470.9506083975894,488.1876664866714,0.08981427004744398,0.08723548069490795,0.09255016817471014,0.03158337892933774,0.031031950991109454,0.03215475880674576,0.05855502927815349,0.057651796032448285,0.05948701498052312,0.8370754915887494,0.8122581380225268,0.861892845154972,1.0,0.9874855732602297,1.0125144267397703,0.34851094305701824,0.3388143339703514,0.3582075521436851,0.5832950521675214,0.5666493365652933,0.5999407677697496,14.093503952026367
24,26,0.01,0.01,1,1,1,1,0.08333333333333333,0.125,0.06666666666666667,0.1111111111111111,0.09090909090909091,0.1,569.7128552085802,553.8291872540307,585.5965231631297,700.5673760265436,689.6897819259985,711.4449701270886,476.6602160125833,465.085818755321,488.2346132698456,0.08860843488073729,0.08720389421812162,0.09005896037636606,0.03425586409012369,0.03372322160085943,0.034805602275152454,0.0541515294296455,0.05258978816059321,0.05580886658919483,0.840608628609261,0.8158478864980667,0.8653693707204553,1.0,0.9874855732602297,1.0125144267397703,0.3738267087785704,0.3645323423556322,0.38312107520150857,0.548512713752899,0.5344597786036669,0.5625656489021311,11.868385791778564
9,41,0.01,0.01,1,1,1,1,0.08333333333333333,0.125,0.06666666666666667,0.1111111111111111,0.09090909090909091,0.1,493.7867208604702,486.2478219421698,501.3256197787706,610.7466366336914,597.5350082832321,623.9582649841508,470.9103641150372,463.9907233251937,477.83000490488075,0.10135325490693546,0.09976537496713841,0.10299249820047274,0.01471770843048042,0.014449712829070056,0.014995832797148521,0.08704599685023182,0.085679664733032,0.08845661291153803,0.8654236770068735,0.8470258562478702,0.8838214977658768,0.9996653332828591,0.9871712649212977,1.0121594016444206,0.15989720355852152,0.15514249651642256,0.16465191060062048,0.8828585764911946,0.8608708101389112,0.904846342843478,25.38629412651062
26,24,0.01,0.01,1,1,1,1,0.08333333333333333,0.125,0.06666666666666667,0.1111111111111111,0.09090909090909091,0.1,578.7615303633786,568.977496622352,588.5455641044052,707.5650506215436,693.988507308435,721.1415939346522,481.4443646195445,472.78254577668395,490.10618346240506,0.08635597399453394,0.08457349541916985,0.0882152055798925,0.03674089499252298,0.036138135226838265,0.037364103076561635,0.04996309248929915,0.049081596795131986,0.05087683021786404,0.8274471758305711,0.8037216483231591,0.8511727033379832,1.0,0.9874855732602297,1.0125144267397703,0.3989077734833629,0.3884138554246968,0.40940169154202904,0.4972230653139427,0.4864804154915129,0.5079657151363726,9.882158279418945
7,43,0.01,0.01,1,1,1,1,0.08333333333333333,0.125,0.06666666666666667,0.1111111111111111,0.09090909090909091,0.1,486.21657704762384,478.20261539831347,494.2305386969342,574.3634350803329,566.3562893624056,582.3705807982602,474.69506763587844,466.43457349935386,482.95556177240303,0.10280609715872814,0.10122064519408018,0.10444200635341165,0.012247494680155025,0.011907722586688955,0.012607226242770962,0.09040754885958287,0.08891059330669332,0.09195577503762678,0.8743623735197116,0.8523376820595076,0.8963870649799156,0.9971942092160158,0.9843404462282734,1.010047972203758,0.134631679915262,0.13184157161430876,0.13742178821621526,0.9147934498911894,0.8930837415744362,0.9365031582079426,26.756646156311035
21,29,0.01,0.01,1,1,1,1,0.08333333333333333,0.125,0.06666666666666667,0.1111111111111111,0.09090909090909091,0.1,552.557108769041,537.3547850691571,567.7594324689248,693.6655041773269,681.7510879970973,705.5799203575564,480.32890456492544,473.0647246471412,487.5930844827097,0.0910276695464761,0.08921003047728247,0.09292091729813344,0.030234214649003974,0.029733699102984124,0.03075186933495495,0.06037810858494249,0.05946027466504003,0.06132472227875943,0.8440066898086089,0.8252869996651955,0.8627263799520224,1.0,0.9874855732602297,1.0125144267397703,0.33171569853765787,0.32397817886442,0.33945321821089575,0.6006621780230438,0.584287711248096,0.6170366447979916,13.525256395339966
28,22,0.01,0.01,1,1,1,1,0.08333333333333333,0.125,0.06666666666666667,0.1111111111111111,0.09090909090909091,0.1,589.7533537489287,580.2411426616865,599.2655648361709,714.040373567551,702.6186659449855,725.4620811901165,481.1905235511073,467.3187532752203,495.0622938269943,0.08483122252368402,0.08343255464539928,0.08627758463933434,0.0392326497350002,0.03857182315216308,0.03991651405422526,0.0456412966077061,0.04492465940101757,0.04638116800857563,0.846120026243971,0.8216308262529569,0.870609226234985,1.0,0.9874855732602297,1.0125144267397703,0.42957969832859844,0.41872111127604855,0.4404382853811483,0.4547658651720805,0.4444996691513708,0.4650320611927902,11.973941802978516
23,27,0.01,0.01,1,1,1,1,0.08333333333333333,0.125,0.06666666666666667,0.1111111111111111,0.09090909090909091,0.1,561.1156309393265,551.084982187809,571.1462796908439,700.1761391665941,683.2054403281691,717.1468380050192,478.0136932497783,470.2010307261409,485.82635577341574,0.08903924068949699,0.08782164219855573,0.09029107652136768,0.03282706518748062,0.032119354465901404,0.03356666564202095,0.0563653861605284,0.055080848055897476,0.05771126818052241,0.8478017435483213,0.8281849436490397,0.8674185434476028,1.0,0.9874855732602297,1.0125144267397703,0.36110981792422164,0.3524164159909335,0.3698032198575098,0.566830465366322,0.5532412247276267,0.5804197060050172,12.105990648269653
2,48,0.01,0.01,1,1,1,1,0.08333333333333333,0.125,0.06666666666666667,0.1111111111111111,0.09090909090909091,0.1,483.80858203375755,476.1330604882516,491.4841035792635,362.30940595562606,354.28507231115304,370.3337396000991,488.89750688100077,479.3305196395483,498.46449412245323,0.10367088450897094,0.1016130389001832,0.10581380309907894,0.0055282012131407186,0.005437600352899496,0.005621872399417214,0.0977283698584953,0.09602434065912571,0.09949397043029494,0.854888065355105,0.8386941600458026,0.8710819706644074,0.9687338750913195,0.9496934615921783,0.9877742885904607,0.06028483897754351,0.05901310200602341,0.061556575949063615,0.9910603477426209,0.976689973417017,1.0054307220682246,48.49572968482971
25,25,0.01,0.01,1,1,1,1,0.08333333333333333,0.125,0.06666666666666667,0.1111111111111111,0.09090909090909091,0.1,570.8281200433188,558.4266349209843,583.2296051656533,705.0778621716361,693.7082906210753,716.4474337221968,477.51105389471815,467.6190956675898,487.4030121218465,0.08746921803988464,0.08566447138069773,0.08935164467034888,0.03545799806878865,0.034886523758222515,0.03604850676181343,0.05223812386486732,0.05133333659192508,0.05317537846119418,0.8446093766986758,0.8211478567358387,0.8680708966615128,0.9999881757389328,0.9874737489991625,1.0125026024787032,0.3898846414448995,0.38071017096706866,0.3990591119227303,0.5172668539300576,0.5050274592637158,0.5295062485963993,14.697131395339966
30,20,0.01,0.01,1,1,1,1,0.08333333333333333,0.125,0.06666666666666667,0.1111111111111111,0.09090909090909091,0.1,601.7320153502327,587.2493381824198,616.2146925180456,717.3174428789913,703.9886025231904,730.6462832347922,484.93421482846554,478.69770994199706,491.170719714934,0.08304765579439655,0.08140049009322747,0.08476286016023044,0.042098644330262704,0.04095806689618948,0.04330456575767608,0.041235581659439996,0.040695258462870754,0.04179044599048323,0.8258503038423087,0.8022922642168239,0.8494083434677936,1.0,0.9874855732602297,1.0125144267397703,0.46350574249679,0.452628204053068,0.474383280940512,0.4144681826388763,0.40421875711678096,0.42471760816097165,13.352838516235352
27,23,0.01,0.01,1,1,1,1,0.08333333333333333,0.125,0.06666666666666667,0.1111111111111111,0.09090909090909091,0.1,579.1007010209845,566.172793130704,592.028608911265,707.4291194882181,695.5658446838426,719.2923942925937,476.56039890209973,467.53162825537487,485.5891695488246,0.08635025082264688,0.08458173508968181,0.08819430154681361,0.03813467399172179,0.03730041498044662,0.03900710473124175,0.048290058883910504,0.047437677642384705,0.04917363253321464,0.8491929307360778,0.8318279367841371,0.8665579246880185,1.0,0.9874855732602297,1.0125144267397703,0.4210286085285041,0.41360344663119025,0.42845377042581795,0.48234241437130604,0.4691382697091206,0.4955465590334915,14.83068299293518
5,45,0.01,0.01,1,1,1,1,0.08333333333333333,0.125,0.06666666666666667,0.1111111111111111,0.09090909090909091,0.1,480.3951544469445,466.18338343693256,494.60692545695645,516.6940456399086,501.32338139750533,532.064709882312,480.35556496854304,467.46505658818415,493.2460733489019,0.10381558814206865,0.10099250841864418,0.10680103570710608,0.009756020370042256,0.009545157247179185,0.009976410352888824,0.09386258484371457,0.09166943039038807,0.09616325218592191,0.8813725485013558,0.8556746107277197,0.907070486274992,0.9947248987972439,0.978053243358212,1.011396554236276,0.10843962051752404,0.10519039012693239,0.11168885090811569,0.9431937578102249,0.918025931892158,0.9683615837282917,27.59688663482666
36,14,0.01,0.01,1,1,1,1,0.08333333333333333,0.125,0.06666666666666667,0.1111111111111111,0.09090909090909091,0.1,639.1226035952119,627.8370799011325,650.4081272892913,727.651464834649,712.1791641753434,743.1237654939546,483.7157243269401,475.80383814109723,491.627610512783,0.07819353453073921,0.076578902370848,0.07987772081299883,0.04978257975077627,0.04876786412531799,0.05084041914222256,0.02883144215162718,0.02813701010699166,0.029561019280920628,0.8325570216649394,0.8141973847433093,0.8509166585865695,0.9999555483980797,0.987449567209922,1.0124615295862371,0.544177357913246,0.5280648253041659,0.560289890522326,0.29043507967374504,0.28393841624518507,0.296931743102305,12.477864742279053
29,21,0.01,0.01,1,1,1,1,0.08333333333333333,0.125,0.06666666666666667,0.1111111111111111,0.09090909090909091,0.1,595.9881603275611,584.4804536471278,607.4958670079944,717.632063451323,706.3923553610798,728.8717715415662,480.54792177705355,474.17300537325883,486.92283818084826,0.08389507537608905,0.08235274559027071,0.08549627829464758,0.04013702173880166,0.039454206003582966,0.040843888060034174,0.04372535771857276,0.042549330206908875,0.04496824190437639,0.8355714510473072,0.8123043514712043,0.8588385506234102,0.9999177420028011,0.9874191081126035,1.012416375892999,0.43962239897885563,0.43085705036409405,0.4483877475936172,0.4404574160759073,0.43210035248835343,0.4488144796634612,12.860769510269165
32,18,0.01,0.01,1,1,1,1,0.08333333333333333,0.125,0.06666666666666667,0.1111111111111111,0.09090909090909091,0.1,611.3812770267328,600.5415996235538,622.2209544299119,722.2552986259979,709.2501604636604,735.2604367883353,481.8342194294751,474.031994614364,489.63644424458624,0.08191205214102792,0.07953857232262837,0.084431541152588,0.04427311216188076,0.04348979995302964,0.045085159022020024,0.03735508869799306,0.03677492431803996,0.03795385194188901,0.8378313615131521,0.812959215811599,0.8627035072147051,1.0,0.9874855732602297,1.0125144267397703,0.48277580732277736,0.47378552390534984,0.4917660907402049,0.37689829195787805,0.36872654965879903,0.38507003425695707,14.894670248031616
34,16,0.01,0.01,1,1,1,1,0.08333333333333333,0.125,0.06666666666666667,0.1111111111111111,0.09090909090909091,0.1,630.1992586458852,619.514159599426,640.8843576923443,729.3981558934095,715.0730169271118,743.7232948597072,484.68909832332156,475.7750038989012,493.6031927477419,0.07929813086943616,0.0772703513566836,0.0814352072775917,0.04664686085416026,0.04570128323073607,0.04763239392146755,0.03319441823240215,0.032706155426338146,0.03369748030361955,0.8210639922320757,0.803039553527417,0.8390884309367345,1.0,0.9874855732602297,1.0125144267397703,0.5058809484563145,0.4909150647838085,0.5208468321288204,0.3308774046969586,0.3230054090488867,0.3387494003450305,16.979211568832397
31,19,0.01,0.01,1,1,1,1,0.08333333333333333,0.125,0.06666666666666667,0.1111111111111111,0.09090909090909091,0.1,609.3920512844087,599.4504440919203,619.3336584768971,726.5336832485509,716.4158345760466,736.6515319210553,481.91649899100304,474.83447761826255,488.9985203637435,0.08202334442202017,0.08077698152549048,0.08330877203341379,0.04274474390318019,0.04197292638030367,0.043545478234615465,0.039345353966592826,0.03873904797292188,0.039970940344462816,0.822989440494386,0.804045911559226,0.8419329694295461,1.0,0.9874855732602297,1.0125144267397703,0.46804152462411436,0.4548501835365971,0.4812328657116316,0.3947070639616664,0.3838875287480194,0.40552659917531336,13.385813236236572
38,12,0.01,0.01,1,1,1,1,0.08333333333333333,0.125,0.06666666666666667,0.1111111111111111,0.09090909090909091,0.1,654.2882492059806,643.8902843770662,664.686214034895,734.3088120076325,718.7363044643531,749.8813195509118,484.74309289717274,476.409569207038,493.0766165873075,0.07659379789931506,0.07552570118883904,0.07769253837253155,0.05158628797588451,0.050757680044960715,0.052442398565044034,0.024760351490287803,0.02435674410181514,0.02517756034782727,0.8175817438334637,0.7989556498045965,0.8362078378623309,1.0,0.9874855732602297,1.0125144267397703,0.5628548135181828,0.5509306253644851,0.5747790016718805,0.2461932262208498,0.24031575150391984,0.2520707009377797,15.882137060165405
40,10,0.01,0.01,1,1,1,1,0.08333333333333333,0.125,0.06666666666666667,0.1111111111111111,0.09090909090909091,0.1,663.9147842666341,653.0998632878401,674.7297052454281,730.47957179976,717.7044784237542,743.2546651757659,482.1477153867543,474.3180799156919,489.97735085781676,0.07513527982080781,0.07352573510726537,0.07681687045810426,0.054925901491885504,0.05335079307679748,0.056596845105889436,0.020729403388120102,0.020470989323613076,0.020994425005388617,0.8272870130339375,0.8039579980749726,0.8506160279929024,1.0,0.9874855732602297,1.0125144267397703,0.6010799915448126,0.5853953451616536,0.6167646379279716,0.20736774620490622,0.2020731889531622,0.21266230345665024,16.99939775466919
33,17,0.01,0.01,1,1,1,1,0.08333333333333333,0.125,0.06666666666666667,0.1111111111111111,0.09090909090909091,0.1,621.9898942614282,611.2025765630791,632.7772119597772,727.5023585577763,706.7551242438767,748.249592871676,483.81233429863676,470.4092803906249,497.21538820664864,0.08033284968856948,0.07907842789854076,0.08162771077505653,0.04519629724056386,0.0444841746651961,0.04593159069954966,0.03512337241564442,0.034202435324430035,0.03609527627043605,0.8418867519495404,0.8219238393911578,0.8618496645079231,1.0,0.9874855732602297,1.0125144267397703,0.507683959761489,0.49346857568127395,0.5218993438417039,0.35172608945380346,0.3428298230823253,0.3606223558252816,9.774318933486938
37,13,0.01,0.01,1,1,1,1,0.08333333333333333,0.125,0.06666666666666667,0.1111111111111111,0.09090909090909091,0.1,649.2441155307542,636.4009504804251,662.0872805810834,735.72591789975,722.3678333753132,749.0840024241868,478.5632631262386,472.5954468863217,484.5310793661555,0.07716879052172823,0.07573349466266356,0.07865954059734782,0.05025332188867554,0.04941965789159848,0.051115594775035855,0.027173408168594555,0.026391201261165113,0.028003398884913863,0.8178182952837416,0.798795994547459,0.8368405960200243,1.0,0.9874855732602297,1.0125144267397703,0.5469377792736256,0.5312504682709716,0.5626250902762797,0.2686489074143508,0.2637294003113605,0.27356841451734115,11.31603217124939
1,49,0.01,0.01,1,1,1,1,0.08333333333333333,0.125,0.06666666666666667,0.1111111111111111,0.09090909090909091,0.1,485.1753771148492,476.8695680660387,493.4811861636597,303.74128974324987,297.5791033942918,309.90347609220794,489.4385767346296,482.19166735280885,496.6854861164503,0.10341860444284998,0.10165839937235975,0.10524083910079833,0.003292275478402334,0.0032268111755624916,0.003360451014851677,0.09987160459387738,0.09826173463181834,0.10153510376016535,0.8385532716939799,0.8224751293565311,0.8546314140314286,0.9408774939419353,0.9227623954719415,0.9589925924119291,0.0365759256533464,0.03547875860277684,0.03767309270391596,0.9959253919155114,0.9823813920286226,1.0094693918024003,67.49653172492981
42,8,0.01,0.01,1,1,1,1,0.08333333333333333,0.125,0.06666666666666667,0.1111111111111111,0.09090909090909091,0.1,679.6633901924558,666.9024088978213,692.4243714870904,737.9917434346946,723.5123046312353,752.4711822381539,483.2154257900334,475.2616197935419,491.1692317865249,0.07357658291490726,0.07232472265961447,0.07487254309936477,0.05682478964776204,0.05570930894225377,0.05798585415805371,0.016576308206208902,0.01634995849474303,0.016809013094430714,0.8276931488254201,0.81081218269057,0.8445741149602702,1.0,0.9874855732602297,1.0125144267397703,0.6216126943862479,0.6060290898823305,0.6371962988901653,0.16611989931024096,0.16217980128127027,0.17005999733921165,17.042975425720215
35,15,0.01,0.01,1,1,1,1,0.08333333333333333,0.125,0.06666666666666667,0.1111111111111111,0.09090909090909091,0.1,631.422976154713,619.6473358141154,643.1986164953105,727.4863557858948,715.2120531132956,739.760658458494,481.82159656286245,468.5642987820895,495.0788943436354,0.07917253190908315,0.07770226874117621,0.0806995081010447,0.04784952318325126,0.046499073515693795,0.049280759999969254,0.031132508416563412,0.030285799007304978,0.032027922920545585,0.8210272644259545,0.8025038942447927,0.8395506346071163,0.9998834757265056,0.9873725617059297,1.0123943897470815,0.5247014493952019,0.5100322432212938,0.53937065556911,0.3088944588507467,0.3012459888025336,0.31654292889895974,10.928615808486938
50,0,0.01,0.01,1,1,1,1,0.08333333333333333,0.125,0.06666666666666667,0.1111111111111111,0.09090909090909091,0.1,747.9519585890828,737.8687947482867,758.0351224298788,747.9519585890828,737.8687947482867,758.0351224298788,0.0,0.0,0.0,0.06695648104076227,0.06506490533532296,0.06896133425335123,0.06695648104076227,0.06506490533532296,0.06896133425335123,0.0,0.0,0.0,0.805938580077265,0.7870378227693714,0.8248393373851587,1.0,0.9874855732602297,1.0125144267397703,0.737713386925906,0.7167691569624889,0.7586576168893232,0.0,0.0,0.0,8.101604461669922
44,6,0.01,0.01,1,1,1,1,0.08333333333333333,0.125,0.06666666666666667,0.1111111111111111,0.09090909090909091,0.1,695.1988900884228,680.3181742128988,710.0796059639467,742.0734164613051,730.6289497585688,753.5178831640415,484.4951335541334,476.56943027823746,492.4208368300294,0.07177757079277212,0.07014998636384592,0.07348247390868187,0.05948853616176587,0.058320623943471546,0.060704180811592075,0.012379236689592567,0.012164393369795802,0.01260180543032454,0.810866047954123,0.7930520482672351,0.8286800476410109,1.0,0.9874855732602297,1.0125144267397703,0.6533450917162216,0.6362828690624545,0.6704073143699887,0.12319725322059265,0.11991536642358538,0.1264791400175999,19.376203775405884
41,9,0.01,0.01,1,1,1,1,0.08333333333333333,0.125,0.06666666666666667,0.1111111111111111,0.09090909090909091,0.1,674.0743343243977,663.2985825421763,684.8500861066191,735.207121471094,722.4505964244786,747.9636465177093,481.83295261320046,468.18530216890554,495.4806030574954,0.0741667506391247,0.07305486881099256,0.07531300082619152,0.055582707160521466,0.05443209138262067,0.056783018133734646,0.01873084670495781,0.018225351415754123,0.019265182576791762,0.8120716919756141,0.7953121688328831,0.8288312151183451,0.999819631016661,0.9873010790467617,1.0123381829865603,0.6150738653061457,0.6018369204616655,0.628310810150626,0.18586213684037656,0.18086423156510517,0.19086004211564794,9.327637434005737
39,11,0.01,0.01,1,1,1,1,0.08333333333333333,0.125,0.06666666666666667,0.1111111111111111,0.09090909090909091,0.1,654.5501071124559,641.4053811027424,667.6948331221694,735.4521980908729,722.0459427946859,748.85845338706,483.01327773497917,474.14487773150233,491.881677738456,0.07608597162296812,0.07480022256827926,0.07741669551193443,0.05300462397389174,0.05205765932151069,0.05398667881859611,0.022869095360141853,0.02227115312786484,0.023500030849842778,0.8301761047892792,0.8119955745993025,0.8483566349792558,1.0,0.9713515668682959,1.028648433131704,0.5783700824224404,0.5647764388061272,0.5919637260387536,0.2301832083298062,0.22555037838423897,0.23481603827537345,12.977964639663696
46,4,0.01,0.01,1,1,1,1,0.08333333333333333,0.125,0.06666666666666667,0.1111111111111111,0.09090909090909091,0.1,712.141331089864,699.6436127616432,724.6390494180848,743.199866213896,731.0568034266961,755.342929001096,481.0513790353857,473.32595756798383,488.7768005027876,0.07026329600357559,0.06907938519080861,0.07148849512975156,0.06185946660903647,0.0610777419400802,0.06266146105651914,0.008380929269828731,0.008144320739800346,0.008631697039596018,0.814694536338518,0.7909174353811262,0.8384716372959097,1.0,0.9874855732602297,1.0125144267397703,0.6784964930498465,0.660164793789457,0.696828192310236,0.08359405420987075,0.08170236899597114,0.08548573942377036,20.16897416114807
45,5,0.01,0.01,1,1,1,1,0.08333333333333333,0.125,0.06666666666666667,0.1111111111111111,0.09090909090909091,0.1,706.5399586853182,693.8504898506884,719.229427519948,742.669291113703,728.4294660358889,756.9091161915171,483.6070074229276,470.3842884641087,496.8297263817465,0.07059713568491777,0.0691193917672737,0.07213944713323431,0.060615404342292276,0.05936191631024561,0.06192297169787397,0.010274375381871845,0.010014947089492111,0.010547601615762797,0.8134677922647942,0.7934712953151891,0.8334642892143992,0.9999637264572463,0.987457133869645,1.0124703190448476,0.6596698886665895,0.6444312736405308,0.6749085036926482,0.10212268429990554,0.09968003923803907,0.104565329361772,6.040587902069092
43,7,0.01,0.01,1,1,1,1,0.08333333333333333,0.125,0.06666666666666667,0.1111111111111111,0.09090909090909091,0.1,693.6328887050099,681.2862263557116,705.9795510543082,749.6287242249737,731.5082009794628,767.7492474704845,481.9078028164101,475.59888578257323,488.21671985024693,0.07215477669251223,0.07099347237591949,0.0733547058364078,0.05773866232426239,0.05615952116352879,0.059409180159375886,0.01444385604024261,0.01403291809016496,0.014879587742341237,0.8142904991423502,0.7936461789602888,0.8349348193244116,0.9998055173218008,0.9872948992119236,1.0123161354316779,0.6343788850648551,0.619391937878601,0.6493658322511091,0.14263100024976824,0.13915239875887597,0.1461096017406605,13.165391206741333
3,47,0.01,0.01,1,1,1,1,0.08333333333333333,0.125,0.06666666666666667,0.1111111111111111,0.09090909090909091,0.1,483.3667120057215,469.6525676407496,497.0808563706934,421.801161508738,411.4715599034784,432.1307631139976,486.87681481509424,478.5280662188487,495.22556341133975,0.10357260922415851,0.10064144667130145,0.10667963277238134,0.007040119124458221,0.0068983089300848925,0.007187882144996352,0.09696526798549598,0.09448219746979153,0.09958237540763844,0.8507629316022907,0.8355942272172344,0.8659316359873469,0.9881030175804252,0.9748209106334453,1.001385124527405,0.07739045946633735,0.07559110231690468,0.07918981661577003,0.9790104398508773,0.9624919329215526,0.9955289467802021,43.691295862197876
48,2,0.01,0.01,1,1,1,1,0.08333333333333333,0.125,0.06666666666666667,0.1111111111111111,0.09090909090909091,0.1,730.1506996724402,719.9980870890428,740.3033122558376,744.3257736221127,723.2396990476439,765.4118481965816,479.3933563424377,470.8969352184134,487.889777466462,0.06823036103868185,0.06714399316110214,0.06935246120788943,0.06452942090323885,0.06307884803702296,0.06604827936188354,0.004171757133462349,0.0040999944444875674,0.004246076717790454,0.804830511025899,0.7888063796739688,0.8208546423778291,1.0,0.9874855732602297,1.0125144267397703,0.6982501566614352,0.6773894202583733,0.719110893064497,0.04161291776007142,0.040812943738446385,0.04241289178169646,24.201034545898438
47,3,0.01,0.01,1,1,1,1,0.08333333333333333,0.125,0.06666666666666667,0.1111111111111111,0.09090909090909091,0.1,724.4420034984284,703.7321508632239,745.151856133633,749.3828612486858,729.0013054348979,769.7644170624737,481.44317355736104,473.98099785252083,488.90534926220124,0.06900474238101582,0.06717862900886579,0.07093290813830991,0.06310749703075959,0.06203129615891754,0.06422169992068064,0.006233294015464083,0.006144978665712288,0.006324184909073904,0.8071681610048717,0.7894243669897565,0.8249119550199868,1.0,0.9874855732602297,1.0125144267397703,0.6899857675671043,0.6779737125453318,0.7019978225888768,0.06203659969976546,0.06044717097181356,0.06362602842771736,11.69917631149292
49,1,0.01,0.01,1,1,1,1,0.08333333333333333,0.125,0.06666666666666667,0.1111111111111111,0.09090909090909091,0.1,742.2863346220727,732.3012863528818,752.2713828912636,754.2329282746562,732.4522826486575,776.0135739006548,480.0159083998635,472.916134317236,487.115682482491,0.06739635938672707,0.0662988560013147,0.06853081027806274,0.06540914525010633,0.06420581127863462,0.06665844606951127,0.002083264288747236,0.00205290044225982,0.0021145398252138967,0.804507446330358,0.7856844885689431,0.8233304040917728,1.0,0.9874855732602297,1.0125144267397703,0.7142819290795308,0.6943066737922043,0.7342571843668573,0.020759407117278937,0.02023542060166612,0.021283393632891754,20.1982741355896
