N_read,N_write,r_Z_read,r_Z_write,C_DB,r_DB_read,r_DB_write,R0,R0_low,R0_up,R0_read,R0_read_low,R0_read_up,R0_write,R0_write_low,R0_write_up,X0,X0_low,X0_up,X0_read,X0_read_low,X0_read_up,X0_write,X0_write_low,X0_write_up,U_DBread,U_DBread_low,U_DBread_up,U_DBwrite,U_DBwrite_low,U_DBwrite_up,sim_time_sec
90,10,0.1,0.002857142857142857,1,0.2,0.025,731.8699299059141,719.2402043031699,744.4996555086583,706.947129303137,689.6511269361848,724.2431316700892,1075.2196791675933,1043.2947729465848,1107.1445853886019,0.13564991198603785,0.13195348656020683,0.13955940265456004,0.12676679809865277,0.12311289524045368,0.13064422546230614,0.009279624424848802,0.009046030062436176,0.009525602724689946,0.6314583441838904,0.6218509834950108,0.6410657048727699,0.3739590364374783,0.36703633129661817,0.38088174157833843,13.262126445770264
90,10,0.1,0.004347826086956522,1,0.2,0.025,779.7521875296229,762.4642071618052,797.0401678974406,761.4075955770983,746.4524862250887,776.3627049291078,992.5029307630871,962.7965424423719,1022.2093190838023,0.12878548962504416,0.12662669099529475,0.1310191736157527,0.11854929771986669,0.11650483014034928,0.12066680102267176,0.010075579950192853,0.009792457701544856,0.0103755610441464,0.5941412130809467,0.5806086671908343,0.6076737589710591,0.4045839125601291,0.3987449734217969,0.4104228516984613,15.38276982307434
90,10,0.1,0.002631578947368421,1,0.2,0.025,738.5729244711456,717.561274270788,759.5845746715032,716.2631885351072,700.1057139990735,732.420663071141,1105.2805938199526,1073.1433640023406,1137.4178236375647,0.13526722581583153,0.1322687288412139,0.13840482649556313,0.12650588543960878,0.1239374714059779,0.12918300511520428,0.0090689280960981,0.008810040796985195,0.009343491089410308,0.6328587874231331,0.615479584926363,0.6502379899199031,0.36339731323634294,0.35594235957712217,0.3708522668955637,15.880260467529297
90,10,0.1,0.0038461538461538464,1,0.2,0.025,752.1907925469474,732.2419174835992,772.1396676102955,738.8220227992986,720.0971910743591,757.546854524238,1014.1158764702803,999.8392594226373,1028.3924935179234,0.13254851546113572,0.12927713651157624,0.1359897583984793,0.12155663857121646,0.11895920685019962,0.12427003022044605,0.009868826237770455,0.009613731839483972,0.010137827180133684,0.6082308140387862,0.5945112201486062,0.6219504079289662,0.3983795186148669,0.39224131177058597,0.4045177254591479,19.30752658843994
90,10,0.1,0.003125,1,0.2,0.025,746.4353722823646,726.068416937243,766.8023276274862,726.5715130564332,705.2056616691941,747.9373644436723,1055.0500740529624,1041.0064197643103,1069.0937283416145,0.13234426595585932,0.12979894644914608,0.1349914081225143,0.12343630080389699,0.12079879984928367,0.12619154608513264,0.009485790802587268,0.009222185418734822,0.009764909314217876,0.6125987441913415,0.595952735100402,0.629244753282281,0.380305847617394,0.37414652822567945,0.38646516700910855,20.60482120513916
90,10,0.1,0.0022727272727272726,1,0.2,0.025,714.3250414320756,695.0051947087292,733.6448881554221,690.560532381805,670.4624337795384,710.6586309840717,1140.237323114709,1108.0133541614816,1172.4612920679363,0.1393468369075276,0.13675612342124754,0.14203760295387136,0.13133185463860678,0.12810869842922049,0.13472138296385924,0.00874723109185185,0.008609729359999532,0.008889196048039541,0.6554363242881276,0.6409042276043004,0.6699684209719547,0.34654162626378443,0.3410939939968338,0.35198925853073504,21.002988815307617
90,10,0.1,0.0034482758620689655,1,0.2,0.025,759.9179649917581,743.4597081455054,776.3762218380109,735.8405064939379,715.2931847712387,756.3878282166372,1034.669994901749,1005.6009111494305,1063.7390786540675,0.13052885573193154,0.12791841885765828,0.1332480547228187,0.12078957709743399,0.11780450256744354,0.12392986351276306,0.00965653224007126,0.009539677936634284,0.009776284810262088,0.6123472538998724,0.6007956059290389,0.623898901870706,0.3900371138119792,0.37861832730339995,0.40145590032055845,23.02068281173706
90,10,0.1,0.005,1,0.2,0.025,782.4879204379032,761.7526413939765,803.2231994818299,759.2211996880568,740.0631746757999,778.3792247003137,970.5231375907535,956.9397079298388,984.1065672516683,0.1280021473387454,0.12523217896909228,0.13089742333972937,0.1195393110062112,0.1165020195953441,0.12273921046738849,0.010301696623895743,0.010008988001991266,0.010612041284037822,0.5863650088199682,0.5748676996176437,0.5978623180222927,0.4090454290124323,0.4013848837007909,0.4167059743240737,23.285969257354736
90,10,0.1,0.0024390243902439024,1,0.2,0.025,723.6283629096888,707.1074678903096,740.149257929068,697.2118032818103,684.5067304208518,709.9168761427687,1124.2014152250545,1091.1775109330104,1157.2253195170986,0.13843512711403766,0.13532625309750854,0.14169020124008083,0.1295298975422463,0.1264328897231019,0.13278243929496752,0.008917402580059108,0.008799254550987392,0.009038766548651505,0.6524026904881478,0.6331858722150596,0.671619508761236,0.35514318583073057,0.34560279050929554,0.3646835811521656,27.796563386917114
90,10,0.1,0.002127659574468085,1,0.2,0.025,715.5941606680935,696.4354285277881,734.752892808399,676.3066243194216,658.7780635697163,693.835185069127,1164.7614790904702,1149.2516653577459,1180.2712928231945,0.1399758793739672,0.1364773823313369,0.14365845799512358,0.13152089882802317,0.12793120282417866,0.1353178613791299,0.008591000312738888,0.00846445855320652,0.008721383035740143,0.654692327822364,0.6368819765286154,0.6725026791161125,0.3394474930686557,0.3296213846432981,0.34927360149401326,29.31542944908142
90,10,0.1,0.002777777777777778,1,0.2,0.025,741.9998260459212,725.8482623974004,758.151389694442,715.0416999531457,695.8137562138858,734.2696436924056,1089.8209423421263,1057.9099645652807,1121.7319201189719,0.1346383014225336,0.13182020045542137,0.1375795274099725,0.12604449681303695,0.12279347797213148,0.1294723419227131,0.009192679658361234,0.00906119494324913,0.009328036443197086,0.6311089415515774,0.617640977207997,0.6445769058951577,0.37115187115218184,0.3640565193861479,0.3782472229182158,18.14677882194519
90,10,0.1,0.003703703703703704,1,0.2,0.025,750.0470726619552,733.6424066813888,766.4517386425216,729.1442527374436,709.2512042594901,749.0373012153971,1015.6063685824716,985.6823285051171,1045.5304086598262,0.13249560888748538,0.12882568879250964,0.13638075379620593,0.12239117342016577,0.11935602828689452,0.12558470981956682,0.00986905420396505,0.009617738554201616,0.010133856230856747,0.6205455692488805,0.6037653543784618,0.6373257841192992,0.3892576267147882,0.38014720774615457,0.3983680456834218,12.975278615951538
90,10,0.1,0.004166666666666667,1,0.2,0.025,782.1529503266682,764.5942911055425,799.711609547794,762.1828137896848,742.6983400473733,781.6672875319963,992.70349642627,965.8928801915035,1019.5141126610365,0.12827233619719633,0.1253246976369318,0.1313619715197219,0.11849072719047307,0.11560438083849986,0.12152489363710105,0.010018794390968873,0.00987721247450712,0.010164494261362726,0.58856043847082,0.5715487931872724,0.6055720837543676,0.3985847246532628,0.3920032717428674,0.40516617756365814,17.02202796936035
90,10,0.1,0.002564102564102564,1,0.2,0.025,735.6019034735266,717.526456743204,753.6773502038492,701.590531215767,681.8125551711684,721.3685072603656,1109.303155020476,1093.7714996455122,1124.8348103954397,0.13546329249985412,0.1322213740977756,0.138868183134511,0.1262604964754226,0.12363611579466621,0.12899870700831761,0.009014869213688773,0.008886042788657377,0.009147485940820117,0.6252108345644327,0.6073293735001092,0.6430922956287562,0.3630946092373519,0.3548927434565442,0.37129647501815954,19.589894771575928
90,10,0.1,0.0030303030303030303,1,0.2,0.025,743.0874226230655,724.847006126208,761.327839119923,719.1215810629197,697.9472362724822,740.2959258533573,1057.760098256931,1032.0187835542822,1083.50141295958,0.13455392728319357,0.13161235541986877,0.1376299950248823,0.12430790406039195,0.12186810457946354,0.12684738881278473,0.00940000605295276,0.009135486079415006,0.009680301268006553,0.6259496250256554,0.6146623331580987,0.6372369168932122,0.37462391503102266,0.36816615182837437,0.38108167823367095,15.187950372695923
90,10,0.1,0.0033333333333333335,1,0.2,0.025,754.4478935659328,737.0124090160494,771.8833781158161,723.6275835196842,704.4914243290533,742.7637427103151,1041.8897453272273,1011.7527032758238,1072.0267873786306,0.1325559249152128,0.1296631737806484,0.13558069437001086,0.12290903283981856,0.12028737474389714,0.12564751495836457,0.009608768199052186,0.009333359083845163,0.009900925073079193,0.6138603988448562,0.6022804353896072,0.6254403623001052,0.3852453952869859,0.37667784930074677,0.3938129412732251,15.355040311813354
90,10,0.1,0.0022222222222222222,1,0.2,0.025,718.8154808005014,701.082336470527,736.5486251304758,685.451949461368,671.1094277359124,699.7944711868237,1156.2262056011525,1124.2988294170339,1188.1535817852712,0.13831780019725656,0.1343915221063897,0.14248039654687727,0.13067337120539294,0.12744215245041457,0.13407270357697326,0.008720048072762531,0.008587575860412118,0.008856671360670493,0.6465707932165585,0.6287172822710483,0.6644243041620688,0.3508025838850661,0.3427119492388336,0.3588932185312986,19.012706518173218
90,10,0.1,0.004761904761904762,1,0.2,0.025,768.4876546033206,752.4479770898721,784.5273321167691,762.007876936805,743.403121588111,780.612632285499,981.839686065756,969.3701882354375,994.3091838960746,0.12853359686306925,0.12489978023284627,0.13238519304016255,0.11927290542848416,0.1167342749202054,0.12192440617609214,0.010193644688427496,0.010032659942075852,0.010359880030659588,0.5926726010945055,0.577332168677538,0.608013033511473,0.409079158740442,0.40258869544453846,0.4155696220363455,21.643738985061646
90,10,0.1,0.002702702702702703,1,0.2,0.025,734.7201758528153,716.6272905019465,752.813061203684,705.0199466701437,686.6217740165663,723.418119323721,1092.6403050560873,1060.7285042806286,1124.552105831546,0.13598169011509953,0.13244488872275378,0.1397125672143765,0.12693407198334186,0.12326256730460237,0.13083101067546038,0.009204903084936664,0.008940475229427374,0.009485449361140484,0.6321364498444099,0.6190083487569107,0.645264550931909,0.3649896565549798,0.35871356702162516,0.3712657460883344,14.177394151687622
90,10,0.1,0.002380952380952381,1,0.2,0.025,719.2719690363699,698.7935097520289,739.750428320711,692.3673498814969,675.018430948344,709.7162688146499,1133.5014512822931,1101.1677055011162,1165.83519706347,0.138135771897133,0.134867775911918,0.14156607511060215,0.12960330664588735,0.12781188113917621,0.13144566365145693,0.008863964904602614,0.008610069384068504,0.00913328924133898,0.6573758387132413,0.640023611565557,0.6747280658609257,0.3525678035345052,0.34630685704286823,0.3588287500261421,18.5759220123291
90,10,0.1,0.004,1,0.2,0.025,768.3157632649514,746.3926853127442,790.2388412171587,736.4122142911484,714.8045150984976,758.0199134837992,1001.2448584263382,975.0362587959336,1027.4534580567426,0.13018025734541613,0.1267343584182895,0.13381878126704722,0.12176172439626694,0.1190448952114763,0.12460545607452182,0.00995455593992028,0.009698684153374021,0.010224294436638685,0.6030459686709007,0.5868759714394797,0.6192159659023216,0.3980208741231178,0.3904571520376375,0.40558459620859816,14.482066631317139
90,10,0.1,0.0035714285714285713,1,0.2,0.025,743.977235638675,721.6914207238644,766.2630505534855,725.2724054545263,703.6903626058287,746.8544483032239,1022.1497521783663,992.7943555301043,1051.505148826628,0.13321346274035492,0.12980964884791163,0.1368005901486414,0.12356095292248628,0.12066448348927158,0.1265998979717635,0.009770331671832772,0.009639917495323403,0.0099043228716344,0.6129226120902063,0.5971596315685234,0.6286855926118892,0.3862041299279252,0.37905205876917,0.3933562010866804,15.451275825500488
90,10,0.1,0.0029411764705882353,1,0.2,0.025,754.0761897566465,737.9608748584907,770.1915046548023,720.8894905887759,701.6010863542028,740.1778948233489,1069.998680330877,1055.4486100937484,1084.5487505680057,0.13400534272366058,0.1312532397045717,0.13687532907394853,0.1247992452312112,0.12151986512093038,0.12826053146115549,0.009298608410358905,0.009038481447465753,0.00957415193838233,0.6247122554779997,0.6097291597793217,0.6396953511766776,0.3766229270496224,0.367392303768193,0.38585355033105184,17.589843273162842
90,10,0.1,0.0025,1,0.2,0.025,733.1337094257501,714.4813083889973,751.786110462503,710.3885283856093,690.4481201197069,730.3289366515118,1115.234996971513,1083.2490198211422,1147.220974121884,0.13567538258836648,0.13286027571108086,0.1386123675300448,0.12695805134649973,0.12428730093001684,0.12974610335979692,0.00895304324488273,0.008737859957449601,0.009179092566305726,0.6402523019953377,0.6249050268684853,0.6555995771221901,0.35701516513833204,0.35019943928202435,0.3638308909946397,19.21719717979431
90,10,0.1,0.002,1,0.2,0.025,701.4523033966082,687.1895321277492,715.7150746654671,669.1985667394961,654.4551848907157,683.9419485882764,1188.3831301355974,1156.2992833718672,1220.4669768993276,0.14170435835701706,0.13805941298984126,0.14554698522328557,0.13273953474006325,0.12913410467233155,0.13655207487271437,0.008403307401047853,0.00817146023842086,0.008648695048911357,0.668543686192031,0.6543962135417741,0.6826911588422878,0.3350678930255362,0.3282960790649706,0.3418397069861018,13.388354063034058
90,10,0.1,0.0020833333333333333,1,0.2,0.025,710.3474651558294,697.7250994887656,722.9698308228931,670.9510416291367,651.6972804306209,690.2048028276525,1177.7333246692938,1160.221189520919,1195.2454598176685,0.14167608683250263,0.13882610972533044,0.1446455315161533,0.13420070348209506,0.13109306815642813,0.1374592528157664,0.008520840715413692,0.008398934510540336,0.008646337852258719,0.6653091423542755,0.647042543133409,0.683575741575142,0.33808783795311864,0.3308471483155512,0.3453285275906861,30.28313899040222
90,10,0.1,0.0032258064516129032,1,0.2,0.025,744.950146902883,724.5504795816948,765.3498142240712,733.133669252151,712.3276928760323,753.9396456282697,1040.9365398907096,1026.9500911132845,1054.9229886681346,0.133844925743252,0.1301074973189462,0.13780342504848697,0.12283946196930617,0.11947318948494898,0.1264009302392664,0.00958725299229707,0.009357088116579874,0.009829026570885071,0.6116096347939508,0.5979974783643844,0.6252217912235172,0.3765866842628823,0.3718136140371665,0.38135975448859805,22.332972288131714
90,10,0.1,0.0018867924528301887,1,0.2,0.025,704.5307230035605,687.0077305345505,722.0537154725705,674.4699629820404,658.8327742543108,690.10715170977,1214.191383719549,1180.8534092553316,1247.5293581837666,0.14194358907533905,0.1378269844757589,0.14631367337402676,0.1338910844988671,0.131398222769077,0.1364803636243923,0.008259158555389232,0.008058167444127996,0.00847043260420834,0.6669026747921359,0.6513115284695372,0.6824938211147347,0.32569175432738096,0.3163689506992605,0.3350145579555014,13.888061285018921
90,10,0.1,0.002173913043478261,1,0.2,0.025,708.7642139757883,692.7815098523845,724.746918099192,680.7930250194579,664.315251517511,697.2707985214048,1162.9188192833858,1128.9332785266186,1196.904360040153,0.14003463171337588,0.13676684019602836,0.1434624013205531,0.13246421555972304,0.1294986348906604,0.13556880605129915,0.008612073814740594,0.008488800763281111,0.008738979929346746,0.6638209274023154,0.6484863071091714,0.6791555476954593,0.3436839696087442,0.33724366092334174,0.35012427829414666,23.184614419937134
90,10,0.1,0.004545454545454545,1,0.2,0.025,765.7810189889194,747.7832491248155,783.7787888530233,755.6995085731999,738.0310064793183,773.3680106670814,983.4474982657991,958.9382630808362,1007.956733450762,0.12978149164348268,0.1265270990846851,0.1332077157654095,0.11954128582866659,0.11717755381665486,0.12200234460738268,0.010141723904850847,0.010010099294973235,0.010276856148948868,0.5944063352305827,0.5833414993191631,0.6054711711420023,0.4073328131207211,0.395283100805041,0.41938252543640125,18.556504249572754
90,10,0.1,0.002325581395348837,1,0.2,0.025,715.3874006506857,696.006203753734,734.7685975476373,686.3408367502994,669.3200247502855,703.3616487503134,1138.5831201261024,1122.4652656171418,1154.700974635063,0.13949601463713304,0.13655422123442892,0.1425673491097007,0.13061020780349095,0.12811631634790466,0.13320311811813168,0.008778084607114054,0.008554109155145755,0.009014104284270545,0.6515405656755107,0.6350387102613669,0.6680424210896544,0.35071576365843776,0.3437136221129342,0.3577179052039413,21.493541479110718
90,10,0.1,0.001694915254237288,1,0.2,0.025,688.2557820930474,674.0363068936603,702.4752572924345,659.6998281052308,641.619027599009,677.7806286114527,1260.4996485000124,1242.0089275598123,1278.9903694402126,0.14417429934556733,0.14106874993991103,0.14741966048469496,0.1365617247981285,0.1337743878594144,0.1394676879240162,0.007846668704518658,0.007634772048459347,0.008070663150309179,0.6708870239936194,0.6526137237339523,0.6891603242532865,0.31580317520998563,0.30888837536730346,0.3227179750526678,19.69189739227295
90,10,0.1,0.0015384615384615385,1,0.2,0.025,683.2175512695569,663.8921897027052,702.5429128364086,645.1430981364693,628.7769404498521,661.5092558230866,1316.4706443408627,1277.1371427105612,1355.8041459711642,0.14613072709153627,0.14335808110850573,0.1490127381128491,0.13983512203148205,0.13609860848806835,0.14378259526794004,0.007593858517425442,0.007374179184320382,0.007827028383872336,0.6991040051025527,0.6815713877829196,0.7166366224221857,0.304413382339883,0.2973445920663397,0.31148217261342637,13.43028211593628
90,10,0.1,0.0016129032258064516,1,0.2,0.025,697.6417943139094,684.0114595208989,711.2721291069198,655.593614785832,640.3500974438045,670.8371321278594,1289.943793939456,1270.5272955771356,1309.3602923017766,0.14291465412022308,0.13998131282413992,0.14597356445703508,0.1353612863259738,0.13271384857008908,0.1381164986660484,0.007763949025038663,0.007649152870014,0.007882243330657186,0.676054550632395,0.6558878830491207,0.6962212182156692,0.30898706893212513,0.3031691911835596,0.31480494668069064,22.244751930236816
90,10,0.1,0.0017857142857142857,1,0.2,0.025,695.4637601957515,680.8761130689154,710.0514073225877,678.2165708014505,658.8780856957932,697.5550559071079,1243.8457735704073,1207.0330554754573,1280.6584916653574,0.14250025004918423,0.13892541168298456,0.14626392351273576,0.13551882801624912,0.13323833793534934,0.13787874266153027,0.008038130221001548,0.0079462553302204,0.008132154484510726,0.6758239407589632,0.6608416464455839,0.6908062350723426,0.32226090891660125,0.3157647371852932,0.3287570806479093,29.884089708328247
90,10,0.1,0.0020408163265306124,1,0.2,0.025,710.2844293061565,694.1396427720358,726.4292158402773,682.5545615004518,664.3316580410175,700.7774649598861,1188.6617311104335,1169.9663065432685,1207.3571556775985,0.14074468522747702,0.1375453497454825,0.14409639958847983,0.1321264503494124,0.12955473991391736,0.13480232737458792,0.008437726649569684,0.008205112112957632,0.008683915231736491,0.66266461537248,0.6469960309978721,0.678333199747088,0.340373583290655,0.3344431267790039,0.34630403980230606,18.35609769821167
90,10,0.1,0.00196078431372549,1,0.2,0.025,708.242691594514,688.2675950994033,728.2177880896247,668.8575116841316,654.0682492193919,683.6467741488714,1195.4694917821903,1177.4035092777015,1213.5354742866791,0.1426963085501361,0.14032760174851902,0.14514635511479182,0.13358194659297978,0.12998680340363838,0.13738161363349863,0.008371731324537437,0.008140109247798006,0.008616920796727521,0.6746089634762599,0.6589896818608975,0.6902282450916223,0.3318367230910994,0.3256556782790226,0.3380177679031762,20.622426748275757
90,10,0.1,0.0014084507042253522,1,0.2,0.025,670.5868662224467,652.034147853765,689.1395845911284,632.6935063913724,616.8137378787092,648.5732749040355,1359.5894374527923,1326.1500326222188,1393.0288422833657,0.1495464505195978,0.14568080073536943,0.15362284292411865,0.14126841479856722,0.13825641729735513,0.14441457131293467,0.007315726049202299,0.007107089660680002,0.007536982409448204,0.7063917806978732,0.689320426567292,0.7234631348284545,0.29483871300115333,0.2881511127309131,0.30152631327139356,17.067344903945923
90,10,0.1,0.001851851851851852,1,0.2,0.025,696.8116825529236,678.6102699889761,715.013095116871,669.8417549277144,655.470749685817,684.2127601696118,1224.1011418753444,1203.220184665833,1244.982099084856,0.14296349600557645,0.13932554900786273,0.14679651842893127,0.13469526238191523,0.13176635432192202,0.1377573382851526,0.00816526587972739,0.007941262971713828,0.00840227270425649,0.6773561791640353,0.659504202166716,0.6952081561613547,0.3258134653472785,0.3193505374020595,0.33227639329249753,20.26542568206787
90,10,0.1,0.0014705882352941176,1,0.2,0.025,673.097100705901,655.4566047779496,690.7375966338524,646.1709272139628,630.1466391756381,662.1952152522875,1335.0815807660736,1296.265118475245,1373.8980430569022,0.1474389307883635,0.14399477811711964,0.1510518794017842,0.13945751313111732,0.13636117005379556,0.14269774024250867,0.0074694292825229144,0.0073753806841665515,0.007565907419526481,0.6983769879684858,0.6817764766019944,0.7149774993349772,0.29789960438632174,0.29262690371305083,0.30317230505959264,24.69748544692993
90,10,0.1,0.0015151515151515152,1,0.2,0.025,668.7806423122942,654.034458766758,683.5268258578303,639.332952447611,624.1121512884523,654.5537536067696,1330.7179178125095,1291.1416236595612,1370.2942119654579,0.1476678705615478,0.14427334400378386,0.15122598183361097,0.1399753759929427,0.1363976697246675,0.14374582410226286,0.007524075481267029,0.007336197491319689,0.007721829397745038,0.7011919505232015,0.6846895942010935,0.7176943068453094,0.30204261880956096,0.29463024040345437,0.30945499721566755,17.100240230560303
90,10,0.1,0.0015873015873015873,1,0.2,0.025,685.3185966295936,673.0904800636555,697.5467131955317,650.8276415151641,631.4484056915759,670.2068773387524,1299.9664537448214,1269.188214553904,1330.7446929357388,0.14587555891140763,0.1417117875426936,0.1502914166786488,0.13828428955305386,0.13441278675796275,0.14238542903375717,0.007690797192234227,0.007472677576872063,0.007922033021391404,0.6898014765875787,0.672805692095419,0.7067972610797385,0.30899127965102857,0.30145244452542,0.3165301147766371,15.62918734550476
90,10,0.1,0.0016666666666666668,1,0.2,0.025,677.0934656867586,659.2292605502795,694.9576708232377,645.8811026702297,631.3598156220451,660.4023897184143,1272.6948536090583,1237.0434549318206,1308.346252286296,0.14849841707871886,0.1456238426440415,0.15148876342990622,0.13965228371346794,0.13615243539011196,0.1433368089972564,0.007845735499772593,0.007628868581042735,0.008075292987820188,0.7015146179682192,0.6850631949276724,0.717966041008766,0.3108728543023007,0.3055754234916749,0.31617028511292655,19.74233889579773
90,10,0.1,0.0013513513513513514,1,0.2,0.025,659.7548848870078,644.6789537956649,674.8308159783508,624.8497633671296,611.8376947416186,637.8618319926406,1388.1884597379249,1348.377998439164,1427.9989210366857,0.15219899987976931,0.14885509369104372,0.15569659471320918,0.14375891951003616,0.1396583362948932,0.14810758566137858,0.007206472171081458,0.007123951082562302,0.007290927449120682,0.7220672840016034,0.7008523290746754,0.7432822389285313,0.2889682762984042,0.28346913658786804,0.2944674160089404,29.461897611618042
90,10,0.1,0.0019230769230769232,1,0.2,0.025,697.1949105831716,680.4308327151771,713.9589884511661,666.5178568551921,650.0035435915293,683.032170118855,1204.713443097827,1188.3931843288412,1221.0337018668126,0.1433435454629562,0.13996057761636382,0.14689410258674224,0.13299569928130697,0.13029228947153804,0.13581367118487167,0.008294946338114952,0.008069624095254808,0.008533213037749673,0.6712289692853128,0.653574921101866,0.6888830174687597,0.32697436771132987,0.3211025453545511,0.3328461900681086,22.170199394226074
90,10,0.1,0.0012987012987012987,1,0.2,0.025,668.1449109724795,649.711009066908,686.5788128780509,633.7256927212287,620.3555801003599,647.0958053420975,1412.0113081782788,1371.9983479118055,1452.0242684447521,0.14823441646642216,0.14432135690152417,0.15236558330060396,0.14174120818205438,0.138520646158333,0.1451150889537274,0.007073032281117553,0.006955984621027279,0.007194086457077431,0.7102503687058954,0.6892786088608663,0.7312221285509245,0.2822362792510422,0.2772913360288851,0.2871812224731993,24.133862495422363
90,10,0.1,0.0014492753623188406,1,0.2,0.025,669.9113358075163,654.04015209126,685.7825195237725,633.4032501932205,619.375335800098,647.431164586343,1347.2652630683406,1308.6364850008647,1385.8940411358165,0.1488815372469763,0.14536490991716328,0.15257252929310758,0.1397555908550237,0.1360240502582518,0.1436976406523692,0.007420842596897769,0.007211070054785694,0.007643185528811021,0.7002140455898451,0.6832713334831989,0.7171567576964913,0.2963520800116333,0.289939155101108,0.30276500492215863,15.008542776107788
90,10,0.1,0.0017543859649122807,1,0.2,0.025,691.7038108167283,675.9269472559137,707.4806743775429,659.3734330571862,640.3321145801017,678.4147515342706,1240.9000940036422,1206.6315711007228,1275.1686169065615,0.14424542707496624,0.14081266946830204,0.14784973559655573,0.1363350248284015,0.1328639880448115,0.13999228653747006,0.008024334538667629,0.007914802288887083,0.008136940945698822,0.6749328192972806,0.6610637299012581,0.688801908693303,0.32233368433344994,0.31702590974809347,0.3276414589188064,28.311346530914307
90,10,0.1,0.0015625,1,0.2,0.025,677.7809567280361,662.2889230923287,693.2729903637436,639.6812827804109,627.3898015576667,651.9727640031551,1311.0881432366843,1273.0753762140635,1349.1009102593052,0.14906987701340263,0.14486283634970012,0.1535285843938547,0.14105557692909323,0.1374348843607044,0.14487220409155163,0.007627570888642186,0.007420847272695467,0.007846142001367008,0.7007174080347286,0.6859839580191724,0.7154508580502847,0.3058270337069587,0.2967152536003847,0.31493881381353267,15.710357427597046
90,10,0.1,0.0018181818181818182,1,0.2,0.025,698.0122038063646,683.5581288457977,712.4662787669315,665.4496005856676,654.3494878443149,676.5497133270202,1229.963788213799,1213.6851367972617,1246.2424396303363,0.14241877647239015,0.13899055712867345,0.14602038745364673,0.1346754234926515,0.13132325827701533,0.13820320667581615,0.008129141635367614,0.00801142864130208,0.008250365358623583,0.6706842148185604,0.6550782035094046,0.6862902261277163,0.325770076393414,0.31978349034304815,0.3317566624437798,28.346230506896973
90,10,0.1,0.001639344262295082,1,0.2,0.025,678.3673467611943,664.2132436353253,692.5214498870633,645.183586518267,628.5719544027144,661.7952186338197,1276.253471079735,1238.4055080121375,1314.1014341473324,0.14708564539479657,0.14450736249191534,0.14975760244460443,0.13894262156448298,0.1364802558586582,0.1414954713819783,0.007836106057055578,0.007624280930257189,0.008060037801561481,0.6906724583650152,0.6740779599515437,0.7072669567784867,0.31081139148712456,0.3045816729413263,0.3170411100329228,16.6861515045166
90,10,0.1,0.001388888888888889,1,0.2,0.025,674.6581159836999,655.4828867854909,693.8333451819088,638.8500081076088,620.7362044546483,656.9638117605693,1377.6468148111953,1357.8435118447203,1397.4501177776704,0.14913559374295318,0.14693425708189015,0.15140389351208103,0.14152871580082174,0.13753263466350613,0.1457639623806224,0.0072730790369973765,0.007160696169587614,0.007389045714702103,0.7029770769443537,0.6900291509692517,0.7159250029194558,0.2917994613297565,0.28580285705707226,0.2977960656024407,30.664533615112305
90,10,0.1,0.0014925373134328358,1,0.2,0.025,680.1986824071183,664.583646852487,695.8137179617496,641.6742552928259,628.1404850188919,655.2080255667599,1332.8630201945737,1315.562552353038,1350.1634880361094,0.14426142443068657,0.1408113248651522,0.14788483618073497,0.13644588733547347,0.13285899992083053,0.1402318240435161,0.007507434699874165,0.007407863945840803,0.007609718627776875,0.6876057030165228,0.6696032548344146,0.705608151198631,0.29987956587130704,0.2932653915708198,0.30649374017179426,24.767398595809937
90,10,0.1,0.0014285714285714286,1,0.2,0.025,675.291484758934,655.9288842656434,694.6540852522245,643.0407723778035,627.6894301695203,658.3921145860867,1364.006807448726,1323.6562848222943,1404.3573300751577,0.14777926701241914,0.14413374487668534,0.15161398410532212,0.14115959289418875,0.1371178162018414,0.14544688273662704,0.007313440036353654,0.007108533419859517,0.007530510323532482,0.705987051017841,0.6880342346474463,0.7239398673882357,0.2956799306966418,0.29062055802267955,0.300739303370604,14.495054006576538
90,10,0.1,0.0017241379310344827,1,0.2,0.025,696.6383518555921,678.3611152878269,714.9155884233572,664.1676069461187,647.5730632819943,680.762150610243,1262.7459540242105,1226.3817122155622,1299.1101958328588,0.1438592365629107,0.14058702298892295,0.14728740391521863,0.13564470604762371,0.13244725831258242,0.1390003539683773,0.007930755123235803,0.00770596667171852,0.008169052101471268,0.68208089076556,0.6670075930928403,0.6971541884382797,0.31688868016931276,0.30806794269057447,0.32570941764805106,17.505630254745483
90,10,0.1,0.0013333333333333333,1,0.2,0.025,667.7751524511863,651.4398973743739,684.1104075279986,635.5771164647427,618.1850496436809,652.9691832858045,1404.3664298710617,1385.8298887377132,1422.9029710044101,0.1495724842162296,0.14581966848821146,0.15352356752904792,0.1434833333528707,0.1404150632009998,0.14668869125926223,0.0071269088400932054,0.007007709196952369,0.007250233774725302,0.7154611465015651,0.6981080058829564,0.7328142871201738,0.2854827045624072,0.2806061495880832,0.2903592595367312,29.57991051673889
90,10,0.1,0.0013698630136986301,1,0.2,0.025,669.6778076668575,654.7418288382912,684.6137864954237,625.8928964014002,607.8571848135268,643.9286079892736,1380.222385188906,1360.4707004730158,1399.9740699047961,0.15057111852933916,0.14654855790562044,0.15482073939862823,0.14187470092624696,0.1386705752272683,0.1452303980516652,0.007238591812068053,0.007029773903626276,0.007460195294531064,0.7176464264631304,0.7001325083272043,0.7351603445990564,0.2909857006012291,0.2857105199329251,0.29626088126953304,18.687788009643555
90,10,0.1,0.0011627906976744186,1,0.2,0.025,643.3308346200074,629.5107650157628,657.150904224252,602.6122541258712,585.010612949463,620.2138953022794,1492.4609710563425,1469.9519398566288,1514.9700022560562,0.15596629936941553,0.15142611982612983,0.16078714880180808,0.14946423205544743,0.14584698208793972,0.1532654730511651,0.006687650066685418,0.006516391997675059,0.0068681528030364175,0.7521420963277811,0.733334350404612,0.7709498422509501,0.26706878843144033,0.26128157004184005,0.2728560068210406,21.99101758003235
90,10,0.1,0.001282051282051282,1,0.2,0.025,665.6471702405687,651.228696855129,680.0656436260084,626.4595560563014,610.4282981197227,642.49081399288,1426.9853467393714,1406.888319707167,1447.0823737715757,0.15041422799287726,0.14710286210332296,0.15387810838215138,0.14296255842628222,0.1407506078412124,0.14524514237084457,0.007003598454267989,0.006887255483038124,0.007123939612427898,0.7181539067782552,0.701715693614518,0.7345921199419924,0.2820828990659751,0.2769624836635845,0.2872033144683657,30.60635733604431
90,10,0.1,0.0011235955056179776,1,0.2,0.025,647.5760142807701,634.4960549857532,660.655973575787,609.8103730570871,594.6555310473677,624.9652150668064,1530.447214676934,1509.3035582297812,1551.5908711240868,0.1544907514668291,0.15113634276068186,0.15799743937868393,0.14761088465632466,0.1441458084103088,0.1512466559677697,0.006529791231528445,0.006349841863687336,0.006720237305757297,0.7450673947298863,0.7241561301610635,0.765978659298709,0.2618026397317753,0.2558697873444794,0.2677354921190712,23.778719186782837
90,10,0.1,0.0010526315789473684,1,0.2,0.025,644.9442501205209,627.606902184268,662.2815980567738,600.4590179215586,585.3960904706807,615.5219453724364,1567.8189736145816,1523.8203098662277,1611.8176373629356,0.15485495865731122,0.15052160359176234,0.15944521489396551,0.14910250879557652,0.14489709932245948,0.15355932570939626,0.00637259310717942,0.006190930415533486,0.006565239278028605,0.747303937655908,0.7337821298794305,0.7608257454323855,0.2531964688482972,0.24734821259470477,0.25904472510188964,16.261083602905273
90,10,0.1,0.00125,1,0.2,0.025,665.3661965615513,649.9330557834908,680.7993373396118,622.3235731985152,608.7282883875051,635.9188580095253,1442.1753784623895,1420.445594858852,1463.905162065927,0.1496179765305255,0.14550815643631976,0.15396670496896905,0.1430812045898347,0.13912790927061047,0.14726573480478602,0.006938550501529143,0.00683842597597075,0.007041650530837871,0.7134810905548779,0.6986002254343648,0.7283619556753909,0.2780830392656281,0.2714783837108056,0.2846876948204506,32.66177940368652
90,10,0.1,0.0010869565217391304,1,0.2,0.025,647.5990193164781,629.0640074358349,666.1340311971213,600.8937402123134,588.3057861200838,613.4816943045431,1540.2337620099377,1496.5965156643274,1583.871008355548,0.15556298439001462,0.15115886536345924,0.1602314391860659,0.14835258049333452,0.14432662615654646,0.15260958587373735,0.006437423172290594,0.006346328516067825,0.0065311710423110484,0.7414071602501836,0.7192814594894792,0.763532861010888,0.2564075511602454,0.2516213083626463,0.2611937939578445,23.358502626419067
90,10,0.1,0.0012048192771084338,1,0.2,0.025,661.0621700360988,645.8304208950946,676.293919177103,622.8209344551561,605.8839128004081,639.7579561099042,1467.9661636659357,1447.0243281935454,1488.907999138326,0.15225221696714433,0.14877270504669865,0.15589838505287926,0.14559814599523563,0.14207149388919887,0.1493043396116879,0.006812146865510989,0.006711628811397903,0.006915721555512847,0.7369581717877396,0.7238920731207519,0.7500242704547273,0.27317180775303956,0.2671773717273011,0.279166243778778,34.42976212501526
90,10,0.1,0.0010204081632653062,1,0.2,0.025,636.4850596863588,621.7934085227153,651.1767108500023,601.0533378979176,583.3337813138384,618.7728944819968,1612.3107468486903,1569.2281115131552,1655.3933821842254,0.15791767910425156,0.15402330637840916,0.16201409334945732,0.15023763022432277,0.14693412254458663,0.15369309942006779,0.006206362386200435,0.006122868777520838,0.006292164572338943,0.7597477467141959,0.744599441765071,0.7748960516633208,0.2498003932293052,0.2442651866973304,0.25533559976128,21.599090337753296
90,10,0.1,0.0013157894736842105,1,0.2,0.025,663.4432751625744,644.6242475332267,682.2623027919221,625.0622251553993,607.5576650172801,642.5667852935186,1402.1926504738444,1381.4139888213124,1422.9713121263765,0.15008828620825854,0.14697426011981277,0.1533371259030468,0.14292642449708284,0.14001501082670642,0.14596148670383413,0.007123820758655319,0.006930034690266895,0.007328756368104169,0.7166792565557076,0.700662624913019,0.7326958881983963,0.2846950046529436,0.27980695472685063,0.2895830545790366,20.514126300811768
90,10,0.1,0.0010416666666666667,1,0.2,0.025,636.7240810402254,617.6857978418913,655.7623642385596,597.0300237951227,583.3022619126297,610.7577856776157,1585.629144567093,1541.891212137758,1629.3670769964278,0.15607167816167508,0.15247247157690344,0.15984491583309682,0.1495631036904237,0.14641624543632178,0.1528482010626816,0.006356621621811424,0.006173643145520062,0.006550777863721312,0.7483076752528597,0.7304670156254294,0.76614833488029,0.25177869604433184,0.2460817308094377,0.25747566127922594,17.721616983413696
90,10,0.1,0.001075268817204301,1,0.2,0.025,646.1420864507428,631.6364724144172,660.6477004870684,610.038266507758,595.6217244144121,624.4548086011038,1556.0441176772251,1511.9748063677603,1600.11342898669,0.15501820313814407,0.15096695413525016,0.15929288119470741,0.14795168881459145,0.14449924726460117,0.15157314309189177,0.006419648059905231,0.006255693293626589,0.006592428275688905,0.7438611890689999,0.7228550671441788,0.764867310993821,0.25843996291598786,0.25318800010650927,0.26369192572546646,15.256005764007568
90,10,0.1,0.00101010101010101,1,0.2,0.025,640.2479646338925,624.348403620029,656.147525647756,596.306980695859,582.16488781134,610.449073580378,1612.0442692028334,1575.2443181088913,1648.8442202967756,0.15614762596402074,0.15164512124990004,0.16092568033435878,0.1502416042808505,0.14696461805363034,0.15366806250641726,0.006209209532627597,0.006041739386710206,0.006386228525771407,0.7522895462957504,0.733174548972301,0.7714045436191997,0.24782126377331345,0.24044439749930951,0.2551981300473174,9.894334077835083
90,10,0.1,0.0012345679012345679,1,0.2,0.025,669.8925912047329,653.6493976386289,686.1357847708368,630.8239287663558,612.6079483214419,649.0399092112698,1452.754196552396,1431.6048462635686,1473.9035468412235,0.1491783903079157,0.14486796579761857,0.15375318710715302,0.14401348551622037,0.1410651911883623,0.14708765060487985,0.006885512912789172,0.006760116142424414,0.007015649702779819,0.7179626019182136,0.7040227615327014,0.7319024423037258,0.27645111952525614,0.269262403687508,0.2836398353630043,21.028395652770996
90,10,0.1,0.0012658227848101266,1,0.2,0.025,669.4966836335549,649.7787576297382,689.2146096373716,623.5478810480986,606.453940103873,640.6418219923241,1433.9375858412368,1412.607157397087,1455.2680142853867,0.15070497762797538,0.14767650469240373,0.15386026388012103,0.14399880259360054,0.1403322276517566,0.14786211711905722,0.006974061084678303,0.006881971647717137,0.007068648492631188,0.72405012752439,0.7115068400446956,0.7365934150040845,0.27941703391794637,0.2738363176211241,0.28499775021476864,26.676891565322876
90,10,0.1,0.0011494252873563218,1,0.2,0.025,652.1002888768717,639.5306983221069,664.6698794316364,615.4001594079651,597.0104912447772,633.7898275711531,1503.2119091918164,1480.6169952758407,1525.806823107792,0.15288077336913194,0.14896451298906077,0.15700850951797174,0.14621527841237977,0.14291698682104212,0.14966940482803795,0.006653399257334602,0.0065570898966040405,0.006752579940783164,0.7310654383380357,0.7175756402718305,0.7445552364042409,0.26504314839023074,0.25940471144159083,0.27068158533887066,29.572774171829224
90,10,0.1,0.0011111111111111111,1,0.2,0.025,651.315419757393,633.685058116981,668.9457813978049,609.4122271272826,591.5230752558845,627.3013789986807,1527.3518293707646,1505.2483959437893,1549.4552627977398,0.15382437679875022,0.15044997215269373,0.15735362166617542,0.14745383412207097,0.1432810552750473,0.1518769515363355,0.006547907282167251,0.00645593496890038,0.006642537972569686,0.7422852508358764,0.7233018298866957,0.7612686717850571,0.26058953910963895,0.2560381500982996,0.2651409281209783,28.955866813659668
90,10,0.1,0.0011904761904761906,1,0.2,0.025,662.7454099711802,646.4063236800116,679.0844962623487,602.8969406777171,586.2415912555944,619.5522900998399,1480.8483118034076,1459.978732749775,1501.7178908570402,0.15317563816670415,0.14902701907321841,0.1575618501710067,0.14646300852531888,0.14245926558545494,0.1506983053566017,0.006761616668671985,0.006662595279255419,0.0068636258314347665,0.7306485213742572,0.7142260145192837,0.7470710282292307,0.2695696556646113,0.26176281032231,0.2773765010069125,22.649101972579956
90,10,0.1,0.0012195121951219512,1,0.2,0.025,654.6882197587555,641.2866525271769,668.0897869903341,619.5477626685469,600.9652007986107,638.130324538483,1456.9690107216256,1418.789203977858,1495.1488174653932,0.15188734935787931,0.14801177457468884,0.1559713392362621,0.14508551324459193,0.14103235372077988,0.14937853550408114,0.006853056241660387,0.006654940927709248,0.007063329132715151,0.7249619936822632,0.7089752790690377,0.7409487082954888,0.2756630689597411,0.2679834655129753,0.28334267240650685,13.605384349822998
90,10,0.1,0.0011363636363636363,1,0.2,0.025,646.565895960823,631.7904006333093,661.3413912883367,604.9841909960898,590.3655519516204,619.6028300405591,1521.1967826925415,1481.109172401803,1561.28439298328,0.154707413705372,0.15160425404942907,0.15794026398601507,0.14782545222036664,0.14413875592713637,0.15170569113011598,0.006647538146438023,0.006457838724323149,0.0068487197226709574,0.7419538474641966,0.7261917678672823,0.7577159270611108,0.26214428131242834,0.2549807751102699,0.2693077875145868,12.134638547897339
90,10,0.1,0.001098901098901099,1,0.2,0.025,658.4982756178738,641.5544553827656,675.442095852982,614.917385732177,600.7725251737089,629.062246290645,1541.7095888831427,1495.9228674294404,1587.496310336845,0.15447143577411898,0.14997921214965396,0.15924107352745928,0.14655763197023752,0.1424088758670383,0.15095537060336991,0.00648845997670876,0.006302481850647169,0.00668574778716876,0.7410833093214348,0.7209910589656109,0.7611755596772588,0.26153751430242,0.25534078495127954,0.26773424365356047,12.302447080612183
90,10,0.1,0.0010309278350515464,1,0.2,0.025,639.1653227756817,627.0334195750063,651.2972259763571,600.7137774458007,584.7260542371035,616.7015006544979,1591.0030556468298,1569.9729792837604,1612.0331320098992,0.1554292009100561,0.15177790843709865,0.15926050069144085,0.14974186274249904,0.14598539750593148,0.15369675499174804,0.00627116668813564,0.0060890056284247625,0.006464563070289484,0.7512598584694969,0.7289662038569721,0.7735535130820218,0.25106223907843167,0.2449886959473617,0.2571357822095016,24.621423959732056
90,10,0.1,0.0010638297872340426,1,0.2,0.025,643.2658787745727,628.8690869862144,657.662670562931,608.5359233452785,592.0328597050644,625.0389869854927,1564.2193274610008,1539.2158396563989,1589.2228152656028,0.15524528268303506,0.15148484170415213,0.15919717363614344,0.15023513050371903,0.1462372834494251,0.15445770821604413,0.006398498778483309,0.006304753831656868,0.006495073576375318,0.7567817549404785,0.7409770254028986,0.7725864844780584,0.2558486205270409,0.2514033251689787,0.2602939158851031,23.327887058258057
90,10,0.1,0.001,1,0.2,0.025,639.4963445379941,626.5142544416792,652.478434634309,596.6000690581419,582.4232979771862,610.7768401390977,1618.7213110163211,1593.5501722117003,1643.892449820942,0.1565235118091303,0.15235478055580842,0.16092679038109955,0.1503596938933805,0.14650597496578235,0.15442162753815705,0.006181011732686366,0.0060891312111842,0.006275707554287969,0.7527782234530476,0.7366964655028247,0.7688599814032704,0.25025401701318234,0.2434779438434873,0.25703009018287737,23.46463632583618
90,10,0.1,0.001176470588235294,1,0.2,0.025,651.5476134473689,635.1221961788293,667.9730307159085,604.4465266588218,587.9772266304983,620.9158266871452,1487.0775639812584,1461.4289186110193,1512.7262093514976,0.1569198108667292,0.1532227699761213,0.16079967128184863,0.14745569724944385,0.1451566713073354,0.1498287202152184,0.0066799293428268,0.006491576616481454,0.006879538768962627,0.7491118703854541,0.7292811270515287,0.7689426137193796,0.26507044482780556,0.25838729488091017,0.27175359477470096,13.656972408294678
