N_read,N_write,r_Z_read,r_Z_write,C_DB_read,r_DB_read,C_DB_write,r_DB_write,R0,R0_low,R0_up,R0_read,R0_read_low,R0_read_up,R0_write,R0_write_low,R0_write_up,X0,X0_low,X0_up,X0_read,X0_read_low,X0_read_up,X0_write,X0_write_low,X0_write_up,U_DBread,U_DBread_low,U_DBread_up,U_DBwrite,U_DBwrite_low,U_DBwrite_up,sim_time_sec
90,10,0.1,0.0022727272727272726,1,0.2,1,0.025,539.0329140159838,528.489987918765,549.5758401132026,592.9835134505531,575.6413717826198,610.3256551184865,537.9330459749208,522.1999888788815,553.66610307096,0.19012014895776994,0.18633737072728462,0.1940596957575399,0.15344642113311152,0.14995991792920285,0.15709890264255316,0.018629043923538084,0.018144631720864002,0.019140030561695016,0.7765140940563341,0.7550273185895526,0.7980008695231156,0.7409377717632575,0.7202048854193858,0.7616706581071292,48.31906986236572
90,10,0.1,0.002127659574468085,1,0.2,1,0.025,517.355827090896,502.9676459981437,531.7440081836484,561.5073163950589,545.6220779113398,577.3925548787779,563.314806018888,547.495295557568,579.134316480208,0.19851940631860748,0.19364138476730025,0.20364954346956937,0.16149449775922592,0.15782250374423143,0.1653414317088316,0.017699695548755914,0.01718484735991737,0.01824634561770615,0.8165831242064638,0.7979533486697704,0.8352128997431573,0.7075978020481523,0.694948155054802,0.7202474490415025,49.05577802658081
90,10,0.1,0.0024390243902439024,1,0.2,1,0.025,573.2378196169282,558.8088541213241,587.6667851125322,628.4998458428122,611.2011119028481,645.7985797827763,511.42744178041227,496.36554501285093,526.4893385479736,0.17948247283597163,0.17499747259985132,0.18420341155611192,0.14080671007963905,0.13647925479575945,0.14541757988081086,0.019532751670563498,0.018975229942599283,0.020124026835549286,0.7103551682294377,0.6947536384035284,0.7259566980553469,0.7783340562543918,0.7633851748490655,0.793282937659718,74.88169836997986
90,10,0.1,0.002631578947368421,1,0.2,1,0.025,602.1621729470204,586.6174920149919,617.7068538790489,721.0577580336376,696.5066561274284,745.6088599398468,497.8047313723777,490.1075845273854,505.50187821737,0.17317882983996208,0.168301696041276,0.1783470635047133,0.12456599121207668,0.12078064932823264,0.12859627989747335,0.020089761501898538,0.01978196967008109,0.02040728271099911,0.6575279973030916,0.6386070032208654,0.6764489913853179,0.8102039410918666,0.7974097940091283,0.8229980881746048,78.21589016914368
90,10,0.1,0.002857142857142857,1,0.2,1,0.025,686.3540604566093,663.5196341796317,709.188486733587,816.3833268758864,785.577289190479,847.1893645612938,474.32448770778683,465.69449833820374,482.9544770773699,0.15121775863005635,0.14595603828044787,0.15687303717653664,0.11006705448972696,0.10603282713879006,0.11442040367866747,0.021005265459785292,0.02063996705303713,0.021383727378924293,0.5527210536022896,0.5355922845384574,0.5698498226661218,0.846346219681162,0.8310490171489948,0.8616434222133291,81.24858546257019
90,10,0.1,0.003125,1,0.2,1,0.025,781.5713815443162,739.1281165407494,824.014646547883,972.1544537838876,926.6332871312271,1017.675620436548,457.52762938188914,449.48961735364776,465.5656414101305,0.1359187146315236,0.12922617704485187,0.14334231773697156,0.0911094719705787,0.08585783828983776,0.09704541169079742,0.02184989913293997,0.02147170082499517,0.02224165933844225,0.4535006927302457,0.433556632834599,0.47344475262589236,0.8854842030800354,0.8627559035900126,0.9082125025700581,88.81424570083618
90,10,0.1,0.0034482758620689655,1,0.2,1,0.025,907.5584357854026,858.8705902645692,956.246281306236,1243.6802208486797,1163.8147203836345,1323.545721313725,439.13334953616805,431.42560718120694,446.84109189112917,0.11892839177715503,0.11357670709406312,0.12480935385486795,0.07236201011924777,0.0681428330086052,0.07713814709837423,0.022768701766838133,0.02237330581867581,0.023178324541549864,0.35991519832630564,0.3405355562107581,0.3792948404418532,0.9115893678556055,0.8870822735617092,0.9360964621495018,95.28724932670593
90,10,0.1,0.0022222222222222222,1,0.2,1,0.025,522.8439061854037,511.9290034819239,533.7588088888836,569.6021146613093,556.8105958153727,582.3936335072459,547.217629786425,538.0098067462035,556.4254528266466,0.19388513910044625,0.18908211563302277,0.19893853317863755,0.15820167985876724,0.15515562422156656,0.1613697324884158,0.018237064942182017,0.017911002225630433,0.018575219471170044,0.7847071212594071,0.766365993283357,0.8030482492354573,0.7307687076591458,0.7187907696486608,0.7427466456696308,54.49164271354675
90,10,0.1,0.0020833333333333333,1,0.2,1,0.025,511.194265887947,499.1002325308606,523.2882992450334,545.9930377782553,535.0525550225609,556.9335205339496,572.7760176825947,561.8650600167712,583.6869753484182,0.19948465760271739,0.1942120017154035,0.2050515973511739,0.1647088722285598,0.1602615749170652,0.1694100416970963,0.017457519845195897,0.017150624537848304,0.017775598510858397,0.8296960845617316,0.8070369703879269,0.8523551987355363,0.7007964241507313,0.6870352099418637,0.7145576383595988,56.16928172111511
90,10,0.1,0.0038461538461538464,1,0.2,1,0.025,1216.0050175819335,1116.6804812440946,1315.3295539197725,1885.3950952999776,1702.6561109851227,2068.1340796148324,425.68981009213553,419.36152640760804,432.018093776663,0.09329775862403616,0.08749296269580355,0.09992753709507209,0.04860282371528771,0.045149701029505,0.052627890515274334,0.023511101950271056,0.023174257584412022,0.023857883004293944,0.24137396328532684,0.22005051199444972,0.262697414576204,0.9399395482168365,0.9139486324631098,0.9659304639705631,106.14759469032288
90,10,0.1,0.004347826086956522,1,0.2,1,0.025,1584.9355075332987,1413.1943817972117,1756.6766332693858,3070.179480243993,2730.238772644704,3410.120187843282,415.5232795966136,408.6327577266976,422.41380146652955,0.0767311282012265,0.07222694041707126,0.0818344560618314,0.03372167054509886,Infinity,Infinity,0.024145340751166755,0.023773715066781113,0.02452876928332709,0.14537478714527918,0.12388743047726541,0.16686214381329295,0.9663830522986501,0.9537196581069523,0.9790464464903479,130.43801593780518
90,10,0.1,0.0020408163265306124,1,0.2,1,0.025,511.2692933860025,499.96067672925744,522.5779100427476,546.5859509609094,534.2817745436529,558.8901273781659,579.5006832491983,568.4426678286516,590.5586986697451,0.2003048346370911,0.195763066227076,0.20506234952017893,0.1651074782309335,0.1607865546575916,0.16966705332662294,0.017258208908783636,0.01693912273754245,0.01758954727745786,0.8272151725690906,0.806595368969496,0.8478349761686852,0.6897314051221038,0.677257811688194,0.7022049985560137,35.25643253326416
90,10,0.1,0.002380952380952381,1,0.2,1,0.025,558.9559523994707,545.8466729855467,572.0652318133947,618.9773860655826,604.202378529423,633.7523936017421,524.1670675943454,516.2233026390179,532.110832549673,0.1839343958139235,0.18004414610915434,0.18799647302945877,0.14572491071423277,0.14258444063726203,0.1490068362053705,0.0191005414442343,0.01878972508790942,0.019421813700175584,0.7315182348790142,0.717009844488541,0.7460266252694875,0.7633008318397319,0.7428090242215515,0.7837926394579122,66.44011735916138
90,10,0.1,0.002173913043478261,1,0.2,1,0.025,510.0080313872992,495.4208670677964,524.595195706802,564.0655074195718,547.494057654421,580.6369571847225,556.4254032109725,547.7653182323621,565.0854881895829,0.198220397355569,0.1931365246990145,0.20357914793495366,0.16133245433014312,0.15692018229911742,0.16600003304580632,0.017980071264525298,0.017680642058803986,0.01828981710925181,0.815233803848616,0.79523201260695,0.835235595090282,0.7202415119084243,0.7041736841517364,0.7363093396651123,41.02280950546265
90,10,0.1,0.002564102564102564,1,0.2,1,0.025,592.4795344457115,574.9955682955897,609.9635005958332,677.4938804320187,651.7103177042751,703.2774431597624,502.5943207595332,492.4132333980011,512.7754081210653,0.17316372332856297,0.16910841268629725,0.17741830976996983,0.13319151933417228,0.12937753282157552,0.13723720515036272,0.019812407027181834,0.0194858355713423,0.02015011136527887,0.6701361011161999,0.651693066832196,0.6885791354002039,0.8077343225397131,0.7859358658079205,0.8295327792715057,75.3594970703125
90,10,0.1,0.002777777777777778,1,0.2,1,0.025,634.2533591132418,614.4424592210149,654.0642590054687,752.4274717316438,725.9150539662119,778.9398894970757,479.30442680563084,470.93883812551553,487.67001548574615,0.16381444061739994,0.1591307931724595,0.16878215356947768,0.11862473349316868,0.11506683694104837,0.12240967243007783,0.020863953551393134,0.02051373012205692,0.021226343163162315,0.6036040780519519,0.5859022191228572,0.6213059369810466,0.8286170690430519,0.8145887822181564,0.8426453558679473,76.47095346450806
90,10,0.1,0.0030303030303030303,1,0.2,1,0.025,742.8430875011508,715.4299914963098,770.2561835059918,918.4021598274761,874.0178503052456,962.7864693497066,459.27957048308735,453.8171103355673,464.7420306306074,0.1418436275333774,0.13737359262277868,0.14661434983633687,0.09834100373246425,0.09412676694470652,0.10295028649818055,0.021782830531387406,0.021395124571606177,0.02218484723672261,0.49092241941211445,0.4724446725612935,0.5094001662629354,0.8687597378028766,0.8454372718032214,0.8920822038025319,80.93474578857422
90,10,0.1,0.0018867924528301887,1,0.2,1,0.025,493.2995622580775,482.6799043694581,503.91922014669694,508.7998802802257,494.3526859157121,523.2470746447393,614.7230668965152,604.1057092650688,625.3404245279617,0.20826406389916338,0.20311391025911416,0.21368218661566485,0.1737825187484121,0.16925756735734118,0.1785560570385795,0.01612626521862547,0.015692197212270814,0.01658503022834115,0.8674763058226926,0.8479847603518261,0.8869678512935592,0.6504503192483214,0.6389207952870329,0.6619798432096099,35.413090467453
90,10,0.1,0.005,1,0.2,1,0.025,2220.5156665167174,1883.989758599365,2557.04157443407,5259.425758659382,4406.811567459006,6112.039949859758,408.3894820216848,400.9477700296597,415.8311940137099,0.0666483263615087,0.0626982021374473,0.0711296503095346,0.023444554870386287,Infinity,Infinity,0.02449488425734872,0.024160190460801236,0.02483898142030035,0.07964107019391835,0.05435313672881863,0.10492900365901807,0.9826865031078313,0.9538046941198312,1.0115683120958316,180.77535128593445
90,10,0.1,0.0033333333333333335,1,0.2,1,0.025,880.3145199730851,836.6942480091004,923.9347919370698,1163.0971101437117,1102.510526516423,1223.6836937710004,443.7093807865162,437.276536058986,450.1422255140464,0.12252044590552742,0.11683513175182575,0.12878736779777075,0.07700650425768346,0.07289233963496898,0.08161287009218582,0.022542349970252964,0.022238762202318938,0.022854341184725777,0.3877122368529794,0.3739489224774685,0.40147555122849027,0.9011371998875345,0.8755569113629874,0.9267174884120816,86.60251450538635
90,10,0.1,0.002,1,0.2,1,0.025,500.96193345443874,489.12263157411803,512.8012353347594,528.4549042030147,515.3075080793448,541.6023003266847,592.3654051811915,574.7624706881027,609.9683396742803,0.20476628577576364,0.19889465660724664,0.21099513687318774,0.17026120388092178,0.165493125531582,0.17531218239478494,0.01694473561504358,0.016676221730509398,0.017222038016153563,0.8542680693799961,0.8366575338271456,0.8718786049328466,0.6876805109537234,0.6694425739092349,0.7059184479982119,42.75893425941467
90,10,0.1,0.003703703703703704,1,0.2,1,0.025,1071.6055588873578,997.2277809458781,1145.9833368288375,1630.2005433545196,1523.6708158982754,1736.7302708107638,430.31903163113094,421.6736597405303,438.9644035217316,0.1025232780975988,0.09683759564774773,0.10891825964576635,0.056688242367091385,0.05249700455902779,0.061606783581984396,0.023241319948114406,0.022776041774017715,0.023726004340946842,0.2834845929491143,0.2626724627170739,0.30429672318115475,0.9297636219048074,0.9041331855714659,0.9553940582381489,93.2203197479248
90,10,0.1,0.002325581395348837,1,0.2,1,0.025,549.3932647853726,533.24825003945,565.5382795312952,596.4541784818579,582.9234639117271,609.9848930519886,537.4192489480937,521.3837107819207,553.4547871142667,0.18603456102350013,0.1809051520913385,0.19146333817929104,0.15020633871883327,0.14722008174562407,0.15331625227154608,0.018866507439715557,0.018590985585165542,0.01915031871499236,0.7436415738861325,0.7221377760383478,0.7651453717339172,0.7633247054246098,0.7446697936865776,0.7819796171626421,60.845542669296265
90,10,0.1,0.001851851851851852,1,0.2,1,0.025,485.6349038658359,473.07331418196225,498.19649354970954,508.61604124893717,496.6473483086467,520.5847341892276,626.1887394403012,607.5449629247742,644.8325159558283,0.20919904366470846,0.20543125034136506,0.21310762864894423,0.177203668993242,0.17331101220953,0.18127520576664222,0.0159492848119126,0.015686392606306523,0.016221138966489135,0.8793920674031669,0.8573530073327599,0.9014311274735739,0.6453496804304795,0.6296450673128366,0.6610542935481223,37.99786710739136
90,10,0.1,0.00196078431372549,1,0.2,1,0.025,495.006326748308,481.50914271808506,508.503510778531,522.8039322195464,507.41036205215846,538.1975023869343,597.6736235830552,581.3156797477371,614.0315674183734,0.20519575858484143,0.20004092531590098,0.21062328761930804,0.17241557708574173,0.1674351383246857,0.17770139045669528,0.01675033307808492,0.016270249334827184,0.01725960972615468,0.865158971529791,0.848521550576461,0.8817963924831211,0.6707787987115519,0.6582839911516817,0.6832736062714221,35.50955128669739
90,10,0.1,0.0025,1,0.2,1,0.025,590.3984508745665,573.9910561983459,606.8058455507871,663.5220664220042,640.0335151970775,687.0106176469309,510.5989398730131,497.0683194932552,524.129560252771,0.1747849051699453,0.16978174392844494,0.18009188772123333,0.1347151652392885,0.13062429780188442,0.13907055085725886,0.019597949732166817,0.01928084386758509,0.019925660692572605,0.6741459003131869,0.6560206917399812,0.6922711088863925,0.7768858707836245,0.7633442833207693,0.7904274582464796,73.29642415046692
90,10,0.1,0.002702702702702703,1,0.2,1,0.025,625.2264106475321,605.7021522199425,644.7506690751218,729.5413142461698,701.9823170552501,757.1003114370895,488.2771908934617,479.04066720179577,497.5137145851276,0.1649023578105726,0.16007593301364278,0.17002887214192985,0.12385160092807349,0.11862853918130715,0.12955577478031602,0.02051600811521263,0.020194892781271616,0.020847500445471057,0.6204368565629897,0.6028317771062469,0.6380419360197326,0.8176952899390593,0.7956905409890309,0.8397000388890876,74.28233194351196
90,10,0.1,0.0017857142857142857,1,0.2,1,0.025,482.93299738863374,472.7055381957105,493.16045658155696,500.1951382999207,487.5087775759917,512.8814990238498,636.6281282238967,626.8384576729059,646.4177987748876,0.21013668582595857,0.20522804233250797,0.21528589295014527,0.17904136110865987,0.1743835238225103,0.18395485148571147,0.01571117283252489,0.015403066563553306,0.01603185673947989,0.8987663366198285,0.8726069236098453,0.9249257496298118,0.6276536328179406,0.6113625771549934,0.6439446884808878,34.619221687316895
90,10,0.1,0.004166666666666667,1,0.2,1,0.025,1487.2173891059824,1326.8920619984528,1647.542716213512,2378.163167060122,2172.957120595872,2583.369213524372,420.20073323592294,414.746420865221,425.65504560662487,0.08308075737909877,0.07680563612310504,0.09047247751010758,0.03765316322618321,0.034551378182024126,0.041366788965259596,0.023920745666894425,0.023278464347233335,0.02459947529527286,0.18822975410676293,0.16747997778577742,0.20897953042774844,0.9587520223416759,0.947452227420303,0.9700518172630488,110.83996295928955
90,10,0.1,0.0029411764705882353,1,0.2,1,0.025,702.1364837245229,676.9068610756556,727.3661063733903,848.245708021889,811.7021695369871,884.7892465067908,470.3331340627854,463.57922750933454,477.08704061623627,0.14935644440768592,0.14402902911426776,0.15509310301020068,0.10591729987721893,0.10171774738233234,0.11047855392282974,0.021262398627435616,0.02097205383305547,0.021560895562382675,0.5301827798518715,0.5109638396577125,0.5494017200460304,0.8498995067618057,0.8246183054989398,0.8751807080246716,78.57330703735352
90,10,0.1,0.0019230769230769232,1,0.2,1,0.025,505.1405661651968,490.29316726405483,519.9879650663388,521.3351380697027,509.179322104376,533.4909540350294,607.1668283442913,595.452549409782,618.8811072788005,0.2015186403449998,0.19603545650321597,0.20731738384527398,0.17131557810928902,0.16665105694093343,0.17624873589767312,0.01646375145866377,0.016165607215761903,0.016773099759798203,0.8442606391086769,0.8270477470299783,0.8614735311873755,0.6575097405863438,0.6428119108072994,0.6722075703653883,41.140299558639526
90,10,0.1,0.0018181818181818182,1,0.2,1,0.025,482.9806565724715,472.38891912509536,493.57239401984765,501.72039632586433,489.9809880563742,513.4598045953545,635.2818839637781,623.4045856888387,647.1591822387176,0.20948217254160464,0.2035701465150456,0.21574786025079357,0.17781310625983937,0.17319430954981757,0.18268500358559273,0.015820627001295363,0.015512625861909811,0.016141106541640367,0.8913323718333139,0.8682254704813414,0.9144392731852865,0.6352500038406743,0.6208084219461382,0.6496915857352105,46.423357009887695
90,10,0.1,0.0032258064516129032,1,0.2,1,0.025,814.2263124587628,773.2405866420124,855.2120382755131,1059.4184119458578,997.4719159981134,1121.364907893602,452.0499282686128,439.5911304698427,464.5087260673829,0.13114568108508043,0.12526051853359582,0.13761111647382612,0.08536072670104448,0.08099099909392961,0.09022886732036492,0.022115908529925104,0.021727699050535648,0.022518242677047155,0.42193729903535276,0.40028925882001026,0.44358533925069527,0.8923364545494493,0.8802658287927735,0.9044070803061252,83.70725107192993
90,10,0.1,0.0016129032258064516,1,0.2,1,0.025,473.32624015625737,462.0896694603782,484.5628108521365,483.776249582491,474.0093813717194,493.5431177932626,696.9194049444777,684.3697992148416,709.4690106741139,0.2126494040864645,0.2070403660269568,0.21857081965219688,0.18574546294343133,0.18223460902712676,0.18939425146405295,0.014349794590350884,0.014099710346219593,0.014608910432693085,0.9370304710599856,0.9159963357362153,0.9580646063837559,0.5782928139473731,0.5660274524617844,0.5905581754329617,38.05208659172058
90,10,0.1,0.001694915254237288,1,0.2,1,0.025,474.32445091487034,461.5805328163489,487.06836901339176,487.71777774041965,476.53329502823215,498.90226045260715,674.1540944124173,662.712096138839,685.5960926859956,0.21396879667265684,0.20899225828612383,0.21918811962819096,0.18399684461881766,0.17867626652103347,0.1896440177254198,0.014931796816289923,0.01452160744910024,0.015365832874999739,0.9175204409997562,0.8992445317635994,0.9357963502359129,0.5913217213831893,0.5790533944927503,0.6035900482736283,47.24908638000488
90,10,0.1,0.0035714285714285713,1,0.2,1,0.025,998.0155963327446,941.3075267099819,1054.7236659555074,1395.5906015975875,1309.86262290967,1481.3185802855048,432.9030140066878,426.94783521431725,438.8581927990583,0.11196069641045812,0.10581474009777604,0.1188646188096702,0.06446010605640055,0.06059601554868415,0.06885057374737107,0.023076980050058087,0.022751876777606542,0.023411508854696363,0.3218413111588043,0.30388772059824104,0.3397949017193676,0.9096864102268212,0.8842070172596317,0.9351658031940107,92.20757055282593
90,10,0.1,0.0015384615384615385,1,0.2,1,0.025,465.4367578519348,454.43219060613535,476.4413250977342,463.36981837159345,449.742899978727,476.9967367644599,723.0938666123012,706.5025088383159,739.6852243862866,0.21738060855440788,0.2112021642145528,0.22393143102186713,0.18878114460984705,0.1837288672949545,0.19411913933259284,0.01382940738573079,0.013493216467100092,0.014182779138031435,0.9637472072547777,0.9465059967465471,0.9809884177630083,0.5474016465123412,0.5347485119969643,0.5600547810277182,46.961437463760376
90,10,0.1,0.0013513513513513514,1,0.2,1,0.025,463.5311020690644,452.3142349911159,474.7479691470129,466.3995311837408,453.8322455277204,478.96681683976124,804.2289397656749,780.4997556405107,827.9581238908391,0.21769910472883985,0.21202397502449935,0.22368639607490043,0.19206136619903197,0.18694333168786437,0.19746752648438212,0.012457718233316683,0.012118968851687827,0.012815949619308122,0.9663853018230814,0.9434832648462617,0.989287338799901,0.496669730339141,0.4830831394101892,0.5102563212680928,41.19477558135986
90,10,0.1,0.0015873015873015873,1,0.2,1,0.025,463.295860172392,453.7773984085471,472.81432193623687,476.4794696685001,464.72284642963245,488.2360929073677,703.7927231289156,693.835792154521,713.7496541033101,0.21658214198348102,0.21101570021351915,0.22245021807632256,0.18931129652101006,0.18497705749816493,0.19385352197880684,0.014112266910290465,0.013713388051892051,0.014535045161654105,0.9508638163636441,0.9277079682298528,0.9740196644974355,0.5668398113314801,0.555625702706733,0.5780539199562272,42.14311909675598
90,10,0.1,0.0014084507042253522,1,0.2,1,0.025,458.81880409071647,447.88441466184145,469.7531935195915,454.0775960327794,442.2940432818422,465.8611487837166,781.3711555878109,767.4336218689305,795.3086893066913,0.21989704860614484,0.2156088077958721,0.2243593284085441,0.19374181738395016,0.18832662197853361,0.19947765258566857,0.012769036557029672,0.012555299108399535,0.012990177233582874,0.9803876774968464,0.9634043812148244,0.9973709737788684,0.502893698685955,0.48923337572534265,0.5165540216465674,57.5754337310791
90,10,0.1,0.0014705882352941176,1,0.2,1,0.025,469.9561464060295,459.5753676261247,480.3369251859343,473.19505435481284,462.810350176059,483.5797585335667,751.2143096852701,739.7601893272947,762.6684300432455,0.21519299693505045,0.21087607826912466,0.21969035578870763,0.19044513705175917,0.18786927447716914,0.19309261650614049,0.013312855156396646,0.013108813571946766,0.013523349077737891,0.9307561890315347,0.908302951832372,0.9532094262306974,0.5256947499620256,0.5105966914869252,0.540792808437126,62.510464906692505
90,10,0.1,0.0016666666666666668,1,0.2,1,0.025,475.3325301455904,463.3374556751052,487.3276046160756,488.79634510951723,478.47195120132983,499.12073901770464,678.3164190696461,666.7614520633962,689.8713860758961,0.2121006948389724,0.2067641226981696,0.2177200386476547,0.18221195411025187,0.1770107832180855,0.18772803379341418,0.014758157145467346,0.014543765720289842,0.014978963879819281,0.9125800669699261,0.8890977560875849,0.9360623778522673,0.5958635116781834,0.5809085530262372,0.6108184703301296,54.370986223220825
90,10,0.1,0.004761904761904762,1,0.2,1,0.025,1794.9732927728858,1548.513215989932,2041.4333695558396,4257.3481287895665,3598.409681623616,4916.286575955517,409.7957097428856,397.8951412898496,421.6962781959216,0.07247039923297222,0.06745563577762896,0.07829065599991582,0.021139822347147636,0.01832932437793643,0.024968296628085522,0.02436771114424437,0.023947485961362754,0.024802947781794725,0.10569759061852284,0.08464443002313143,0.12675075121391424,0.9758721717015727,0.949269390091995,1.0024749533111506,152.8506898880005
90,10,0.1,0.0017543859649122807,1,0.2,1,0.025,484.70316049813846,473.9608668027554,495.4454541935215,503.0539195165571,489.059666165606,517.0481728675081,650.5758937324916,641.483823201893,659.6679642630903,0.21062934243115808,0.2055631529580949,0.21595155848268754,0.1805464911627946,0.17532494414468727,0.18608860265783606,0.015308284173158927,0.014980367790416357,0.015650877847923038,0.9202159933135073,0.8958300953249985,0.9446018913020162,0.6108167781349585,0.5999537056286072,0.6216798506413098,101.51796245574951
90,10,0.1,0.0012987012987012987,1,0.2,1,0.025,462.1889985854593,450.7440135533396,473.63398361757896,470.23989938300514,458.1530309204361,482.3267678455742,837.94484659606,817.0087166167556,858.8809765753643,0.21877211915568157,0.21286147922481252,0.22502038192018178,0.19152068774295367,0.18765266154442556,0.19555153088909372,0.011934594104924737,0.011650808947490748,0.012232549025186227,0.9717992487088496,0.9540787819888726,0.9895197154288266,0.4755261866474147,0.4637849525809536,0.4872674207138758,61.66518425941467
90,10,0.1,0.004,1,0.2,1,0.025,1276.8297253314292,1182.879737770078,1370.7797128927805,2084.445457695596,1904.243212259198,2264.6477031319937,422.57271572696555,415.335799485836,429.8096319680951,0.08992862691655079,0.0850594603408955,0.09538910653093587,0.04305122802419295,0.039424924245370405,0.047412201403403645,0.023641096508856194,0.023320484728397865,0.023970646765974924,0.21605567243682053,0.19353201492206265,0.2385793299515784,0.9536852090987755,0.9276581132287626,0.9797123049687885,114.20669054985046
90,10,0.1,0.0015151515151515152,1,0.2,1,0.025,466.96004030267096,454.07883209874694,479.841248506595,479.6380797644948,465.5579026329083,493.71825689608136,729.6622134188606,708.5545547330904,750.7698721046307,0.21467692438141622,0.2109417262039952,0.2185467872873811,0.18758239075674651,0.18253229873759058,0.1929198741699299,0.013619968597669544,0.013380378373658337,0.013868295508519932,0.9271627182693298,0.9048052716208298,0.9495201649178299,0.5414440031290074,0.5312234985519944,0.5516645077060205,68.70286655426025
90,10,0.1,0.0017241379310344827,1,0.2,1,0.025,471.69314452370617,457.8793669264816,485.5069221209307,492.12573920053075,479.5427314178804,504.7087469831811,667.8447669037255,652.0713892058826,683.6181446015684,0.21381429009662992,0.20778909695649278,0.22019933900570574,0.18351134367070993,0.18015958003504304,0.1869901867500141,0.015001492919471017,0.014675173459055729,0.01534265459519574,0.9264142744919766,0.9076107854258381,0.945217763558115,0.6030960053196728,0.5883865824880669,0.6178054281512787,27.907487392425537
90,10,0.1,0.0013333333333333333,1,0.2,1,0.025,460.67896191112743,450.21777488805805,471.1401489341968,461.6060986252186,451.4024011977478,471.80979605268936,830.4072998965006,805.9981249750642,854.816474817937,0.21899143466351062,0.21402346230128566,0.2241955237562651,0.1936266590604598,0.18972121729789782,0.19769626853501315,0.012188808161798095,0.011971880923856046,0.012413741799053746,0.9822312351572025,0.9665652110211669,0.997897259293238,0.48787749489602805,0.4745929938283247,0.5011619959637313,60.37839984893799
90,10,0.1,0.0015625,1,0.2,1,0.025,461.44174871394887,449.34094168885673,473.542555739041,476.4041993334421,463.8514661185594,488.95693254832474,715.5756667374918,702.0037760583978,729.1475574165859,0.21586750870706453,0.21084656375785493,0.2211334172164851,0.1888845464102129,0.18514808575332786,0.1927749237549952,0.01399691760388099,0.013740059412917444,0.014263562214134586,0.9524989688863253,0.9357450802804543,0.9692528574921964,0.5644229282310168,0.5491273098613507,0.5797185466006829,57.034157276153564
90,10,0.1,0.0014492753623188406,1,0.2,1,0.025,458.78406085342715,447.1646771443546,470.4034445624997,471.99695416178946,461.04815791998107,482.94575040359786,756.8333114169692,742.5897165683925,771.0769062655459,0.2182118890200011,0.21464546259654316,0.22189883330884771,0.1925452425926582,0.18721462992284083,0.1981883118693262,0.013166445221065512,0.012938677388520194,0.013402375834616221,0.9736185479176339,0.9520652798450322,0.9951718159902356,0.5262562836195068,0.5138686388763529,0.5386439283626607,62.17504358291626
90,10,0.1,0.001639344262295082,1,0.2,1,0.025,470.11433600232476,460.5134777383603,479.71519426628925,477.81211522563245,468.5579693947204,487.06626105654453,690.3250300805032,673.9009915594509,706.7490686015556,0.2141118219476069,0.20824646657372248,0.2203171536508829,0.18579128178802784,0.1812653720584081,0.1905489887474316,0.014486025944897587,0.014180769225697354,0.014804713759284141,0.9386096755770301,0.9150664553295667,0.9621528958244936,0.5805645200637951,0.5673150518497805,0.5938139882778097,56.824631214141846
90,10,0.1,0.001388888888888889,1,0.2,1,0.025,464.70606042862335,452.7811829586314,476.6309378986153,464.03983485200393,450.1773690862216,477.9023006177863,792.0040024585105,776.760731275147,807.247273641874,0.21701401120668168,0.2107132625662051,0.22370318453474747,0.19305555740331826,0.18840096575274823,0.19794596566294428,0.01261248491441826,0.012411377051163762,0.01282021742648932,0.9753364721454408,0.9605701022390586,0.9901028420518231,0.5054298629651915,0.4940016635253426,0.5168580624050405,68.31853318214417
90,10,0.1,0.001282051282051282,1,0.2,1,0.025,458.3759415074208,446.9945369557491,469.7573460590925,461.7642971234449,449.02957812953156,474.4990161173583,846.8525025147067,828.5418132452919,865.1631917841214,0.21895352934344392,0.21403567528474002,0.22410269117305817,0.19407434830112744,0.18942715184169578,0.1989552977657254,0.011804666856888937,0.01156979164956473,0.012049275945057647,0.9698968458057149,0.9517093230019779,0.9880843686094519,0.47190438851918903,0.46266548677612584,0.4811432902622522,50.637635946273804
90,10,0.1,0.00125,1,0.2,1,0.025,464.45155095375947,453.19072500456315,475.7123769029558,467.0554524252972,453.93690200842667,480.1740028421677,870.5152377992752,853.1403758199381,887.8900997786122,0.21662941724369236,0.21156267577876472,0.22194480156115576,0.19391439135384667,0.1893231925733206,0.19873380297189508,0.011518064270112866,0.011325080834090949,0.011717738737527534,0.9735440292999368,0.9577529134221917,0.9893351451776818,0.4678296568954339,0.45424518487059123,0.4814141289202765,53.812830448150635
90,10,0.1,0.0013157894736842105,1,0.2,1,0.025,463.0560656087037,451.97870899866246,474.13342221874495,461.39815059814674,451.3284454781558,471.4678557181377,817.3973598749543,793.1979021597568,841.5968175901518,0.21794916449722254,0.21356855415395457,0.22251324379792636,0.19428904508064904,0.18915857821906526,0.199705573566445,0.012165602991502177,0.011949490953386824,0.012389675978182411,0.9754388354859651,0.9580975989930228,0.9927800719789074,0.48669300969849244,0.4754459774806249,0.49794004191636,47.94164156913757
90,10,0.1,0.0014925373134328358,1,0.2,1,0.025,464.23267619794206,452.70418791289296,475.76116448299115,467.1706964883861,456.74845457717396,477.59293839959827,742.1812667027714,728.5287392015716,755.8337942039711,0.21509963298483553,0.20959165462878876,0.22090491905431386,0.19093309003897435,0.1854076859254671,0.1967979393753244,0.013436818606643615,0.01324130197981766,0.013638195632108835,0.9554029869314027,0.9372267169850168,0.9735792568777886,0.5381168214735683,0.5261909370060378,0.5500427059410988,56.344666957855225
90,10,0.1,0.0012048192771084338,1,0.2,1,0.025,459.80201532364623,451.25166747575423,468.35236317153823,459.6945563458258,447.86029108645357,471.528821605198,891.6217439864637,880.4134626870831,902.8300252858443,0.21862687193680172,0.21362503092217883,0.22386855602492614,0.1963298020550687,0.19292686854217828,0.19985493603294383,0.011246947884293496,0.011027198867770094,0.011475633260629371,0.9818388500079088,0.9666009710420023,0.9970767289738154,0.4513131154185521,0.438277668467209,0.46434856236989525,59.44530177116394
90,10,0.1,0.0014285714285714286,1,0.2,1,0.025,463.3335606361563,451.8237678443618,474.8433534279508,468.74412656071786,456.15240063910346,481.33585248233226,773.7950870393573,758.7412998189401,788.8488742597746,0.21720383300776866,0.211978759951328,0.22269300184750745,0.19232274396873575,0.18741974230282843,0.19748916722821308,0.012929759361813413,0.012655014654359116,0.013216698416337342,0.9706410776714878,0.9478267477569432,0.9934554075860323,0.5175883307736631,0.5057466902758735,0.5294299712714526,44.83752465248108
90,10,0.1,0.0011235955056179776,1,0.2,1,0.025,468.92065390884744,458.5370071751473,479.30430064254756,462.27568361493405,454.61679907498285,469.93456815488526,952.2271504827288,924.1386387940164,980.3156621714412,0.21486613366428642,0.21177643118224818,0.2180473250635833,0.19421563233340272,0.19072062665004266,0.19784112298632678,0.010484914652452415,0.010324042379630301,0.010650879802377042,0.9864187089179501,0.9712645118243577,1.0015729060115426,0.4182196653468752,0.40836693080535114,0.4280723998883993,50.673481464385986
90,10,0.1,0.0011627906976744186,1,0.2,1,0.025,459.0846016697466,448.57875136399036,469.5904519755028,456.020594674388,445.53540896527824,466.5057803834978,919.2385165088872,902.9696144273036,935.5074185904708,0.22041946761328823,0.2146796403428705,0.22647465476280002,0.19639495330091647,0.19218398417192814,0.20079459058529128,0.010875164369073051,0.010696719458353708,0.011059663996470008,0.9951855142719306,0.9657289322621289,1.0246420962817324,0.43303849721303384,0.42491448705820756,0.4411625073678601,72.50307178497314
90,10,0.1,0.0012658227848101266,1,0.2,1,0.025,452.81349884655293,441.54750046881804,464.0794972242878,450.5320790073976,440.8718991983284,460.19225881646685,855.6579044289017,844.225260287761,867.0905485700424,0.22125158066532974,0.21609645743437852,0.22665867248865426,0.19701717128839943,0.19411757580003602,0.20000470467865297,0.011694072545580154,0.011359156071128525,0.012049338549607122,0.9889560699606857,0.9751068918575706,1.0028052480638008,0.46361344165692764,0.4534847158723656,0.47374216744148967,44.259740114212036
90,10,0.1,0.0013698630136986301,1,0.2,1,0.025,460.5227583165062,451.6299189744269,469.4155976585855,468.5996369707247,455.14441093531025,482.05486300613916,804.8222404422229,789.3608831075956,820.2835977768502,0.2196842543594863,0.21467376378962377,0.22493422431326907,0.1946023771934268,0.19005385515778556,0.19937395537910432,0.012441490424733397,0.012259727529906889,0.01262872406747711,0.9609959966484554,0.9403407220655043,0.9816512712314064,0.500164979332411,0.4898851279045564,0.5104448307602656,61.87742853164673
90,10,0.1,0.0010869565217391304,1,0.2,1,0.025,457.284224006014,445.31911374195323,469.2493342700748,462.6451749758793,450.08220727709175,475.2081426746668,984.8376223990442,968.2105946174531,1001.4646501806353,0.21407064151698238,0.20903329009326246,0.21935677151474203,0.1941525662894687,0.1890490131978396,0.19953931478199582,0.010163648656857446,0.009997342161744052,0.010335581792185519,0.9835287354851822,0.9682232134134089,0.9988342575569554,0.4040628822641705,0.39641037932941414,0.4117153851989268,43.011130809783936
90,10,0.1,0.0011111111111111111,1,0.2,1,0.025,463.0250101521777,453.0142839371697,473.0357363671857,456.05054261918616,447.43809286823745,464.6629923701349,949.2913536376341,921.1353140510466,977.4473932242215,0.21814344351695833,0.2139649177169439,0.22248842508850158,0.19507124045333418,0.19095606668902745,0.19936768775840974,0.010494205051823472,0.010203081356097094,0.010802429911440458,0.9909250239671971,0.9780237653467817,1.0038262825876125,0.42028349453375174,0.4100329913954707,0.43053399767203276,29.38522744178772
90,10,0.1,0.0012345679012345679,1,0.2,1,0.025,464.61290706187856,454.96556990985823,474.2602442138989,460.94585398530165,453.2098733643639,468.6818346062394,872.9317317235013,858.8744775184537,886.988985928549,0.2176901660610205,0.21454348704477166,0.22093052282882714,0.19478470562701083,0.19095391134293,0.1987723483548073,0.011505697058599513,0.011304527892146287,0.01171415573708802,0.9776987835331927,0.9614174644376983,0.9939801026286872,0.46122692600995346,0.44765690946379827,0.47479694255610866,56.13717699050903
90,10,0.1,0.004545454545454545,1,0.2,1,0.025,1797.5671778826304,1560.9001849659276,2034.2341707993332,3706.2170893887874,3266.927235833611,4145.506942943964,412.66451440847425,404.76397079595125,420.56505802099724,0.07313351784969307,0.06778347441173542,0.07940047276733717,0.024283388533540555,0.02174865555101418,0.027486893992879576,0.024235007360705094,0.02382747594580186,0.024656721717324,0.1230330349844277,0.1024233513462917,0.14364271862256373,0.9711978216521333,0.959670371397598,0.9827252719066686,133.29101657867432
90,10,0.1,0.0011904761904761906,1,0.2,1,0.025,455.32907300387654,441.80179005619004,468.85635595156305,455.56705498657755,445.44136586761533,465.69274410553976,907.8554853251737,890.0270239393404,925.683946711007,0.21940888115769774,0.21571150511931694,0.22323521642750763,0.1970169637459696,0.1934598408068359,0.20070734568998944,0.01105229315066382,0.010815465827944818,0.01129972432958956,0.9901077141168673,0.9750930788520635,1.005122349381671,0.43972560595439814,0.42932914984514386,0.4501220620636524,52.78887605667114
90,10,0.1,0.0010526315789473684,1,0.2,1,0.025,460.3911969055106,449.9056994431151,470.87669436790605,452.7550874285877,442.91553636074775,462.5946384964276,1009.6343130422457,992.7722044537524,1026.4964216307392,0.2185366847734908,0.21354911885472447,0.22376279718794492,0.19843843455941054,0.19405949792452906,0.20301955412671205,0.009926651588130966,0.009771198198889153,0.010087131266382138,0.9965085701702974,0.9834026926206475,1.0096144477199471,0.3923177495206907,0.38337407250221933,0.4012614265391621,64.50546765327454
90,10,0.1,0.0010204081632653062,1,0.2,1,0.025,462.62361648947376,453.5661797362385,471.681053242709,452.5505368222651,440.8910612015524,464.21001244297776,1038.248169329916,1023.3789032668229,1053.1174353930091,0.2169279292619526,0.21381995697708464,0.22012758585929681,0.19835297674536234,0.1947018054496505,0.20214370321072506,0.009614087858365648,0.009435915545403462,0.009799118294805498,0.9920089600071992,0.9696475967817334,1.0143703232326649,0.38786887244317453,0.3788819077923019,0.39685583709404715,62.811845541000366
90,10,0.1,0.0011494252873563218,1,0.2,1,0.025,463.8999506432931,454.63670978786587,473.1631914987203,455.4705862676893,446.1962562352957,464.74491630008293,930.1230016571312,916.7622969794265,943.4837063348359,0.21665071116094065,0.21080326075369335,0.2228318205769998,0.19687346102046993,0.19217054366423703,0.20181233838852072,0.010735761150079778,0.010572012173033525,0.010904662519408737,0.9832838117517649,0.9698347673618195,0.9967328561417104,0.4263127261846874,0.41506154928317884,0.43756390308619597,53.88712692260742
90,10,0.1,0.001075268817204301,1,0.2,1,0.025,456.64110197249795,444.15829001348055,469.12391393151535,453.9565061559433,443.9880031391172,463.9250091727694,995.0992368746413,976.4693137930873,1013.7291599561953,0.21897258474475212,0.21548210930218895,0.22257800263663105,0.2011312165081219,0.1957717624025675,0.20679237115568894,0.010046685954888604,0.00989008383988564,0.01020832721685184,0.9895495688721084,0.9748688517802446,1.0042302859639722,0.4037551668790422,0.39368417711494874,0.4138261566431357,39.03326225280762
90,10,0.1,0.0012195121951219512,1,0.2,1,0.025,457.9666772098246,447.7686441857975,468.1647102338517,462.5273796675779,453.8933912962242,471.16136803893164,888.9034690710705,871.8783362760871,905.9286018660539,0.2195367996041323,0.21344894904090864,0.2259821128231022,0.1945729470137816,0.19097271810545938,0.1983115275899272,0.011156647576776908,0.010974954058443986,0.011344458344754924,0.9727732137763258,0.9483791223943981,0.9971673051582534,0.4479877893279667,0.4387220452915548,0.4572535333643786,50.42242479324341
90,10,0.1,0.001098901098901099,1,0.2,1,0.025,454.0890141701215,440.93417927895405,467.243849061289,453.30144429320586,442.2206898893845,464.3821986970272,972.1244020750596,955.2506537561892,988.99815039393,0.21827540416388327,0.2141298597176798,0.22258463263318368,0.19856054781832866,0.19341077037312265,0.20399206400635866,0.010288164185207671,0.01010972248246989,0.010473018241393548,0.9811119078731393,0.9649584059053119,0.9972654098409667,0.4136762965652694,0.4039168644538302,0.4234357286767086,52.80165767669678
90,10,0.1,0.0010416666666666667,1,0.2,1,0.025,457.42635063818204,449.0481620618438,465.8045392145203,454.88456896118254,444.08987990850375,465.67925801386133,1025.4094269612604,1005.0859301166049,1045.7329238059158,0.21699588101740414,0.2114446997086392,0.22284639777064807,0.2003301732518006,0.194965219892907,0.20599874142167807,0.009754665013552783,0.009581036158329835,0.009934703069184453,0.9957917638039792,0.9834590932596707,1.0081244343482876,0.3898063618256655,0.37816828401151276,0.4014444396398183,37.22796273231506
90,10,0.1,0.0011363636363636363,1,0.2,1,0.025,460.30088868632066,449.6890699523135,470.9127074203278,456.03515927959245,444.2448035143638,467.8255150448211,948.8842847084688,928.1480528957998,969.6205165211379,0.21877176441253565,0.2133538376443091,0.2244720275058557,0.19718481452785291,0.19307215751187776,0.20147649347907515,0.010520019327043497,0.010347970178970397,0.010697886309052768,0.982165213283957,0.9662920095869811,0.9980384169809329,0.42009615101929937,0.4116553408273746,0.42853696121122414,31.65896725654602
90,10,0.1,0.0010638297872340426,1,0.2,1,0.025,462.72590827553023,451.8524614389322,473.59935511212825,452.9816013158917,441.6482310725626,464.31497155922074,999.4832347785347,980.7026326623495,1018.2638368947198,0.21729194790344347,0.21315266939973287,0.22159517405144452,0.19801157329789218,0.19246245349918972,0.20389017981571436,0.00998127955332052,0.00982475036096949,0.01014287718331499,0.9938489004559742,0.96579920341213,1.0218985974998185,0.39856452863296643,0.3866110569991643,0.41051800026676855,33.520562171936035
90,10,0.1,0.001176470588235294,1,0.2,1,0.025,460.08110462723107,446.3785953859405,473.7836138685216,455.88934067581755,442.78003067650525,468.99865067512985,908.2667534494338,882.8837107487745,933.6497961500932,0.21963862118529173,0.21580265396018666,0.22361342762875444,0.1982217413531943,0.19398487963410593,0.2026478118706029,0.011011511808125643,0.01071060426886527,0.011329815694183749,0.9869169116528905,0.9715447562881161,1.002289067017665,0.43945576809092257,0.4299628510910802,0.44894868509076497,52.41775918006897
90,10,0.1,0.00101010101010101,1,0.2,1,0.025,464.11603512697684,454.28404630480384,473.94802394914984,453.3800342990641,441.67603696564873,465.0840316324795,1042.995964613682,1026.1773609870081,1059.8145682403558,0.21636623460884177,0.21251725074377303,0.22035721109229148,0.1986106537052259,0.19427806850967985,0.2031408881857052,0.009603735189144992,0.009349854627643445,0.009871788029291935,0.9894683146754709,0.9760276706521356,1.0029089586988063,0.38049038125187074,0.37309163569948145,0.38788912680426,40.9335834980011
90,10,0.1,0.001,1,0.2,1,0.025,463.79220118649295,450.6923866262628,476.8920157467231,453.71661733643487,441.8791165880588,465.5541180848109,1060.3655663211027,1039.3222920607298,1081.4088405814757,0.21759326065213344,0.21328763026608802,0.22207630778250978,0.19792524467113295,0.19323556981014292,0.20284821074546636,0.009558159846310565,0.009326515535717858,0.009801604013174293,0.9848123165059086,0.9704918741986518,0.9991327588131654,0.38214429454898574,0.3722837426568202,0.3920048464411513,17.03074312210083
90,10,0.1,0.0010309278350515464,1,0.2,1,0.025,461.8342074185119,453.54274518508447,470.1256696519393,454.11321032414213,442.3710548562179,465.8553657920664,1007.9288415750357,977.7164648103264,1038.141218339745,0.2181327460018794,0.21391714121312827,0.2225178423836628,0.1987326089435703,0.19372578560961676,0.20400510012133918,0.009678643989146567,0.009512570425603242,0.009850619320788685,0.9968987869627555,0.9834402031148285,1.0103573708106823,0.3862123601466026,0.37566924409727837,0.3967554761959268,28.734342575073242
