N_A,N_B,r_Z_A,r_Z_B,c_A_T1,c_A_T2,c_A_T3,c_B_T1,c_B_T2,c_B_T4,r_A_T1,r_A_T2,r_A_T3,r_B_T1,r_B_T2,r_B_T4,R0,R0_low,R0_up,R0_A,R0_A_low,R0_A_up,R0_B,R0_B_low,R0_B_up,X0,X0_low,X0_up,X0_A,X0_A_low,X0_A_up,X0_B,X0_B_low,X0_B_up,Ut1_A,Ut1_A_low,Ut1_A_up,Ut2_A,Ut2_A_low,Ut2_A_up,Ut3_A,Ut3_A_low,Ut3_A_up,Ut1_B,Ut1_B_low,Ut1_B_up,Ut2_B,Ut2_B_low,Ut2_B_up,Ut3_B,Ut3_B_low,Ut3_B_up,sim_time_sec
0,50,0.01,0.01,1,1,1,1,1,1,0.083333333333333,0.066666666666667,0.090909090909091,0.125,0.111111111111111,0.1,499.249210352215,489.132159000587,509.366261703843,0,0,0,499.249210352215,489.132159000587,509.366261703843,0.099790501301938,0.097671967179755,0.102002976304803,0,0,0,0.099790501301938,0.097671967179755,0.102002976304803,0,0,0,0,0,0,0,0,0,0.808221094155564,0.789426820979184,0.827015367331945,0.895978304752354,0.873225885270556,0.918730724234152,0.998813574465643,0.986026116803466,1.01160103212782,10.8313598632813
8,42,0.01,0.01,1,1,1,1,1,1,0.083333333333333,0.066666666666667,0.090909090909091,0.125,0.111111111111111,0.1,345.139343901045,340.38730982886,349.89137797323,173.356129639433,170.737733969423,175.974525309443,423.083165436902,416.04384804923,430.122482824574,0.145133389524227,0.142531470129027,0.147832071676167,0.046166511884246,0.045485868115165,0.046867835203409,0.099068082368288,0.097157164170186,0.101055677779703,0.548034188861779,0.536031002963998,0.560037374759561,0.697171549206306,0.680058193753716,0.714284904658897,0.505682044356011,0.494920626563599,0.516443462148423,0.791782751332084,0.778021305986106,0.805544196678063,0.885058883125213,0.864688237623149,0.905429528627276,0.994466246590863,0.981023073854579,1.00790941932715,11.8113143444061
16,34,0.01,0.01,1,1,1,1,1,1,0.083333333333333,0.066666666666667,0.090909090909091,0.125,0.111111111111111,0.1,312.702007368128,307.176002265331,318.228012470925,256.983067545294,249.638811545392,264.327323545196,343.664209332145,337.823337506387,349.505081157904,0.159891566321203,0.157336032488818,0.162531487440425,0.061587508660524,0.059817001345121,0.063466022366538,0.09870965275118,0.096679556283863,0.100826834589605,0.75226757735018,0.73872014802953,0.76581500667083,0.933499084612495,0.907075649444201,0.95992251978079,0.681221874934841,0.662143512205826,0.700300237663855,0.786937098693352,0.770205496628661,0.803668700758043,0.880042118917984,0.866391874688923,0.893692363147045,0.988163125237347,0.972896139504965,1.00343011096973,12.3788688182831
14,36,0.01,0.01,1,1,1,1,1,1,0.083333333333333,0.066666666666667,0.090909090909091,0.125,0.111111111111111,0.1,313.11685344423,303.849069029507,322.384637858953,232.541952296292,225.766437769475,239.317466823109,362.359446295894,353.311592361215,371.407300230574,0.160410588118963,0.157948522221568,0.162950625675451,0.060217065438256,0.059310414038134,0.061151866283695,0.099459545594545,0.096589127076221,0.102505794586786,0.721589871020579,0.706422811120949,0.73675693092021,0.89431029828414,0.874637674451156,0.913982922117124,0.668661104626973,0.651427175934264,0.685895033319682,0.788821452465107,0.769289278741459,0.808353626188755,0.894956956082234,0.869244433957494,0.920669478206974,0.991186082666892,0.978346894747579,1.0040252705862,12.7433981895447
10,40,0.01,0.01,1,1,1,1,1,1,0.083333333333333,0.066666666666667,0.090909090909091,0.125,0.111111111111111,0.1,325.717469795691,319.100444916973,332.334494674409,190.007916753662,184.662191699038,195.353641808285,400.946076452059,393.155200646752,408.736952257365,0.1525270844746,0.150207144761929,0.154919811015159,0.052111316464028,0.051351681703878,0.052893762911139,0.099686414442259,0.0980201590552,0.101410299191683,0.630613674113318,0.619428625289528,0.641798722937108,0.780126331684413,0.758113070288104,0.802139593080721,0.574274971811653,0.561690712746809,0.586859230876497,0.804546052191684,0.784976327725817,0.824115776657552,0.909356754672321,0.890148688157828,0.928564821186814,0.993883230575134,0.981068246823078,1.00669821432719,13.5902168750763
18,32,0.01,0.01,1,1,1,1,1,1,0.083333333333333,0.066666666666667,0.090909090909091,0.125,0.111111111111111,0.1,310.467850219754,306.023184970629,314.912515468879,281.971780155032,276.497144032647,287.446416277417,327.064565119655,321.893536400422,332.235593838888,0.161465955603347,0.159129178578235,0.163872385581166,0.063939241897154,0.06294115253883,0.064969495708318,0.097884152044948,0.096313366798511,0.099507022979785,0.763986466201161,0.750986219306687,0.776986713095635,0.952750519684743,0.931867220872374,0.973633818497111,0.701610812933864,0.685436675923231,0.717784949944496,0.789737664766314,0.769285320488008,0.81019000904462,0.873271000103862,0.851192076013481,0.895349924194243,0.978633000082994,0.958392433364055,0.998873566801932,14.6733920574188
6,44,0.01,0.01,1,1,1,1,1,1,0.083333333333333,0.066666666666667,0.090909090909091,0.125,0.111111111111111,0.1,365.667717570133,360.345157476609,370.990277663657,161.485167422808,159.102304220181,163.868030625434,440.781870804645,432.235259471681,449.32848213761,0.136932475303371,0.132959132459173,0.141150611832279,0.03712101150434,0.036258348908648,0.038025723673385,0.099377093721831,0.09669084146201,0.102216869363109,0.446151027727771,0.436097856536319,0.456204198919223,0.560939887981322,0.548383138710565,0.573496637252079,0.410155012804481,0.402028560403488,0.418281465205474,0.79845940082773,0.782731506113991,0.814187295541469,0.902256052849453,0.881020081820292,0.923492023878614,0.993932573807271,0.979562258590118,1.00830288902442,14.7779111862183
12,38,0.01,0.01,1,1,1,1,1,1,0.083333333333333,0.066666666666667,0.090909090909091,0.125,0.111111111111111,0.1,320.041557031553,315.376359023414,324.706755039691,211.732671488128,208.788134023136,214.677208953119,380.056276822153,370.005936220986,390.10661742332,0.15622959973127,0.15400306573216,0.158521459424577,0.056508497994463,0.055740891414325,0.057297541163798,0.099651291682299,0.097289257265461,0.102130873129776,0.681759478775154,0.667872218568445,0.695646738981862,0.853071386611891,0.836347607510746,0.869795165713035,0.628093459276204,0.61780133414276,0.638385584409648,0.7985183582263,0.783417203979562,0.813619512473037,0.897900063135883,0.875941801758571,0.919858324513196,0.988940273817342,0.973500493207399,1.00438005442728,15.932137966156
4,46,0.01,0.01,1,1,1,1,1,1,0.083333333333333,0.066666666666667,0.090909090909091,0.125,0.111111111111111,0.1,394.396730806844,386.767759540808,402.025702072879,151.301477604105,147.247592416793,155.355362791417,458.509431522509,450.376280708909,466.642582336109,0.12691261090176,0.124859653950655,0.129034206328552,0.026791368998927,0.026378036328557,0.027217861372458,0.10040005258134,0.098511919034187,0.102361978482496,0.319761664962247,0.313251340844383,0.326271989080111,0.395790228845543,0.387122947405263,0.404457510285823,0.29027402897592,0.282912323817913,0.297635734133927,0.807900430401383,0.78587717286173,0.829923687941036,0.911913493896531,0.889612538368986,0.934214449424076,0.997089068886303,0.984601310263444,1.00957682750916,20.8206601142883
9,41,0.01,0.01,1,1,1,1,1,1,0.083333333333333,0.066666666666667,0.090909090909091,0.125,0.111111111111111,0.1,336.744518228284,331.440374445236,342.048662011332,182.397248199488,179.394735809873,185.399760589104,413.86112164065,407.111254269127,420.610989012174,0.148464338124375,0.146331570473146,0.150660195035225,0.049575462537317,0.048136178432186,0.05110346940507,0.098927627172527,0.09731510023658,0.100594494196299,0.59006180905455,0.578632639204101,0.601490978904999,0.728731751061639,0.708977298127819,0.748486203995459,0.544016910184422,0.533502816494426,0.554531003874418,0.79569950064242,0.775699571341241,0.8156994299436,0.889445156811558,0.866665778994155,0.91222453462896,0.993148212523251,0.980578446416434,1.00571797863007,15.0518889427185
15,35,0.01,0.01,1,1,1,1,1,1,0.083333333333333,0.066666666666667,0.090909090909091,0.125,0.111111111111111,0.1,313.047551976341,307.76849574175,318.326608210932,245.870093248858,238.778447346163,252.961739151554,354.084942354849,347.305189336947,360.86469537275,0.160055586253689,0.157156227139577,0.163063936084133,0.061279777290504,0.06031710055146,0.062273681575682,0.098438009712756,0.096733621308553,0.100203535931999,0.728606776489392,0.714472776199645,0.742740776779139,0.918506191866198,0.902638256498235,0.934374127234162,0.671868796668641,0.652984821311018,0.690752772026265,0.78273361562972,0.762605382482737,0.802861848776703,0.879118572355684,0.854495753186298,0.90374139152507,0.987531642183697,0.972001651361378,1.00306163300602,14.2280385494232
11,39,0.01,0.01,1,1,1,1,1,1,0.083333333333333,0.066666666666667,0.090909090909091,0.125,0.111111111111111,0.1,324.875944826046,320.201815704576,329.550073947516,201.289392827261,197.96444975434,204.614335900182,393.755681632452,386.22365935411,401.287703910795,0.153822476823976,0.15166183486155,0.156045571447807,0.054634545569042,0.053758364356032,0.055539760890419,0.099214626402146,0.096489975043562,0.10209762467906,0.65878547471062,0.64399512891999,0.673575820501251,0.823089653318015,0.808943096071888,0.83723621056414,0.596353672329522,0.585842221426083,0.606865123232961,0.796747925259842,0.779719292252711,0.813776558266973,0.910258183672999,0.884051292170261,0.936465075175737,0.986365882417381,0.972736515035546,0.999995249799217,14.2604203224182
17,33,0.01,0.01,1,1,1,1,1,1,0.083333333333333,0.066666666666667,0.090909090909091,0.125,0.111111111111111,0.1,309.09876768403,303.429634484952,314.767900883108,270.033707948177,266.360822912901,273.706592983453,334.726961752287,328.492357768337,340.961565736237,0.161679638908281,0.158797131910553,0.164668727910059,0.062943741312056,0.061935710663351,0.063985127105368,0.098597600524471,0.097317856111468,0.099911451100822,0.770301867320885,0.752084196688222,0.788519537953547,0.949917637960452,0.923545176125048,0.976290099795856,0.686584212219308,0.670074213091127,0.703094211347488,0.791620648743149,0.77153644903006,0.811704848456237,0.895249322233584,0.87242611120372,0.918072533263448,0.981169582695803,0.967144879055161,0.995194286336445,15.520379781723
19,31,0.01,0.01,1,1,1,1,1,1,0.083333333333333,0.066666666666667,0.090909090909091,0.125,0.111111111111111,0.1,308.147360121851,302.177233247499,314.117486996204,294.663060674709,289.204127544434,300.121993804983,316.064686316022,311.204267705552,320.925104926493,0.16278192311384,0.15893770975778,0.166816705083926,0.06446115240818,0.063438253640746,0.065517578883356,0.099046459380813,0.096205296261879,0.102060541319783,0.769388081349494,0.75629301104179,0.782483151657199,0.97319355638887,0.959126820285755,0.987260292491984,0.703744286668941,0.687189967381377,0.720298605956504,0.780958832203294,0.765408363939257,0.79650930046733,0.887358716604248,0.872261558835633,0.902455874372863,0.978891950681659,0.951809717872026,1.00597418349129,13.3329832553864
2,48,0.01,0.01,1,1,1,1,1,1,0.083333333333333,0.066666666666667,0.090909090909091,0.125,0.111111111111111,0.1,442.670668156082,435.688361025651,449.652975286514,142.87685425322,138.617487571284,147.136220935156,482.423676858668,474.777074073827,490.070279643509,0.113486415154873,0.110363023911094,0.116791746090518,0.014115735901403,0.013915979730498,0.014321310368816,0.098942942549671,0.097387126000276,0.100549276307884,0.169144511243795,0.166036254065153,0.172252768422437,0.212285665457882,0.206509647625536,0.218061683290229,0.15676507276721,0.153284955916091,0.160245189618329,0.789687148586955,0.770172700801842,0.809201596372068,0.895253841703483,0.873396904553652,0.917110778853315,0.996113063279838,0.981944815755469,1.01028131080421,28.6793222427368
13,37,0.01,0.01,1,1,1,1,1,1,0.083333333333333,0.066666666666667,0.090909090909091,0.125,0.111111111111111,0.1,318.524790686233,313.318037864011,323.731543508455,222.718764060385,219.318311296093,226.119216824676,372.731630367332,366.047312768787,379.415947965877,0.157233039400267,0.154900864180306,0.159636514194127,0.058387198379619,0.057356746620052,0.059455352985837,0.099077926682216,0.097714049628455,0.100480416238021,0.708365723246256,0.690935440328138,0.725796006164375,0.874967823409814,0.860648350577881,0.889287296241748,0.632825943921417,0.621108982561629,0.644542905281204,0.783759600346028,0.765453215888974,0.802065984803081,0.885893588326564,0.866660961778171,0.905126214874957,0.988745517893137,0.97407459331767,1.0034164424686,13.030809879303
7,43,0.01,0.01,1,1,1,1,1,1,0.083333333333333,0.066666666666667,0.090909090909091,0.125,0.111111111111111,0.1,351.985774758162,344.829437547501,359.142111968823,167.768688654338,164.66805654477,170.869320763905,432.132277218548,426.407224903725,437.857329533371,0.141389601797244,0.138667669147348,0.144220532603925,0.04160438107012,0.040537633257799,0.042728789149357,0.09953488699233,0.097391070142118,0.10177520952703,0.497428210334455,0.485866635499977,0.508989785168933,0.625856718747041,0.613056594846066,0.638656842648017,0.455075258168473,0.442688551696036,0.467461964640911,0.800636316628655,0.77821011743729,0.823062515820021,0.893522675431749,0.87194948532018,0.915095865543318,0.996608731963593,0.984015162286254,1.00920230164093,17.4444155693054
26,24,0.01,0.01,1,1,1,1,1,1,0.083333333333333,0.066666666666667,0.090909090909091,0.125,0.111111111111111,0.1,310.472929629729,301.829750231801,319.116109027656,395.427694790367,387.475814902005,403.37957467873,253.246122945136,248.960889077567,257.531356812704,0.160697633016181,0.158423233375268,0.163038288595135,0.065905689341787,0.064536224882888,0.067334534173896,0.094747829660274,0.092909545190342,0.096660326121249,0.796519328054942,0.78107960153923,0.811959054570653,0.989760117380645,0.976805144944724,1.00271508981657,0.728496128445199,0.710287349684772,0.746704907205627,0.755530926542187,0.739325923246628,0.771735929837746,0.852965306838205,0.830904981485621,0.87502563219079,0.9463484066349,0.928059081488225,0.964637731781576,10.1133563518524
22,28,0.01,0.01,1,1,1,1,1,1,0.083333333333333,0.066666666666667,0.090909090909091,0.125,0.111111111111111,0.1,307.39947170226,301.997548834362,312.801394570159,338.710574515857,330.126280806465,347.29486822525,289.807264811083,284.078730740326,295.535798881841,0.159890582296638,0.155252891814122,0.164813877058423,0.064905284474927,0.063666597222337,0.066193127501289,0.096597271919103,0.094893214552988,0.098363650087223,0.785308213730246,0.762996574298122,0.807619853162371,0.981826203616605,0.968021492254006,0.995630914979204,0.715663799363289,0.697766580137026,0.733561018589553,0.766478259419245,0.744401765702161,0.788554753136329,0.869636377490924,0.84620644519063,0.893066309791218,0.968824723138609,0.952073582122911,0.985575864154307,11.5804920196533
20,30,0.01,0.01,1,1,1,1,1,1,0.083333333333333,0.066666666666667,0.090909090909091,0.125,0.111111111111111,0.1,308.473068480126,303.342470069342,313.60366689091,307.054894801005,301.080938881099,313.028850720911,308.504533797719,301.750889911749,315.258177683689,0.162135544800734,0.159602845923252,0.16474992137095,0.065122445964475,0.063850316572524,0.066446296675396,0.097475466530353,0.095050775650308,0.100027100611729,0.784159331569436,0.765716483159253,0.80260217997962,0.976114340750745,0.960960194557432,0.99126848694406,0.721980940977706,0.707997493855757,0.735964388099655,0.773689645516287,0.751959346054364,0.795419944978211,0.891434667254664,0.865995440781502,0.916873893727825,0.976155364008566,0.960952458185328,0.991358269831803,12.2975740432739
5,45,0.01,0.01,1,1,1,1,1,1,0.083333333333333,0.066666666666667,0.090909090909091,0.125,0.111111111111111,0.1,377.660081850166,367.354151544667,387.966012155664,154.946417637451,153.023213116155,156.869622158747,449.071601526749,440.681475160492,457.461727893006,0.132268524243042,0.128875067127315,0.135845523013921,0.032026352726719,0.031224684468319,0.032870270050241,0.100208019535045,0.098522907465582,0.101951778183048,0.383273951837198,0.376725590459108,0.389822313215287,0.480613625872566,0.470205984576937,0.491021267168195,0.352548526472367,0.344903458301227,0.360193594643507,0.801001780670791,0.777710721709155,0.824292839632428,0.899162115670577,0.875689199756785,0.922635031584368,0.99842892136562,0.985710402094789,1.01114744063645,18.4332497119904
24,26,0.01,0.01,1,1,1,1,1,1,0.083333333333333,0.066666666666667,0.090909090909091,0.125,0.111111111111111,0.1,312.584771312992,303.385657797718,321.783884828266,424.976431583082,412.491843747746,437.461019418418,236.043339860205,233.296475956826,238.790203763585,0.159189891220797,0.156810473006359,0.161642631877368,0.066364019267556,0.06452772013688,0.068307892750295,0.093566411225121,0.092094334779247,0.095086312766117,0.792718821539923,0.772502409791067,0.812935233288778,0.994241584572775,0.98041367870192,1.00806949044363,0.719199003524779,0.705395688735379,0.733002318314178,0.750373926735696,0.73042155929297,0.770326294178423,0.839852121155043,0.828503456957142,0.851200785352943,0.932809479729017,0.907430966854458,0.958187992603576,11.6587386131287
28,22,0.01,0.01,1,1,1,1,1,1,0.083333333333333,0.066666666666667,0.090909090909091,0.125,0.111111111111111,0.1,312.584771312992,303.385657797718,321.783884828266,424.976431583082,412.491843747746,437.461019418418,236.043339860205,233.296475956826,238.790203763585,0.159189891220797,0.156810473006359,0.161642631877368,0.066364019267556,0.06452772013688,0.068307892750295,0.093566411225121,0.092094334779247,0.095086312766117,0.792718821539923,0.772502409791067,0.812935233288778,0.994241584572775,0.98041367870192,1.00806949044363,0.719199003524779,0.705395688735379,0.733002318314178,0.750373926735696,0.73042155929297,0.770326294178423,0.839852121155043,0.828503456957142,0.851200785352943,0.932809479729017,0.907430966854458,0.958187992603576,11.5013802051544
32,18,0.01,0.01,1,1,1,1,1,1,0.083333333333333,0.066666666666667,0.090909090909091,0.125,0.111111111111111,0.1,319.645772417883,313.717269456645,325.57427537912,477.818464343259,469.895082180639,485.741846505879,202.161951099834,196.845713872822,207.478188326845,0.155905884546919,0.152042370052876,0.159970868328726,0.066979628631794,0.065624797824911,0.068391579944583,0.0893421624209,0.086752072066654,0.092091673166793,0.803979248305575,0.782841445313091,0.825117051298059,0.998118071273534,0.985639430044328,1.01059671250274,0.73534653251468,0.717333463281775,0.753359601747584,0.699068412396842,0.679691656444186,0.718445168349497,0.802907017542359,0.785816991934067,0.819997043150651,0.877232098824369,0.86272887234764,0.891735325301099,11.3919088840485
3,47,0.01,0.01,1,1,1,1,1,1,0.083333333333333,0.066666666666667,0.090909090909091,0.125,0.111111111111111,0.1,418.936205820643,412.136616943593,425.735794697694,145.729074564418,143.178012252325,148.280136876511,475.442366539154,467.515179732133,483.369553346175,0.119131962504516,0.117090205161736,0.121246189717613,0.020595124909313,0.02002184160116,0.021202205452866,0.098949119589174,0.097090933088848,0.100879820160419,0.248714413133004,0.242176559564792,0.255252266701216,0.309090211896693,0.302828709430067,0.31535171436332,0.228223696847461,0.222440407265736,0.234006986429186,0.782282997445185,0.760956404792713,0.803609590097657,0.900307201518863,0.877652753429529,0.922961649608196,0.997233217305287,0.983304386297114,1.01116204831346,16.5663895606995
30,20,0.01,0.01,1,1,1,1,1,1,0.083333333333333,0.066666666666667,0.090909090909091,0.125,0.111111111111111,0.1,317.401699721914,312.338339083846,322.465060359982,449.30421217382,441.745093682423,456.863330665217,220.173339847412,214.291253086974,226.05542660785,0.157325438382994,0.153112011572554,0.161777322335459,0.066780240013751,0.065964983860218,0.067615899709071,0.091517415535562,0.090201717739505,0.092872063454297,0.800208887087263,0.776234679938908,0.824183094235619,0.998025243491673,0.985559604324946,1.0104908826584,0.732016571031543,0.718611287136207,0.745421854926878,0.739079108110812,0.724500371785188,0.753657844436435,0.822759050841682,0.801492466194508,0.844025635488855,0.916234593491893,0.898645658841287,0.933823528142499,17.0043590068817
1,49,0.01,0.01,1,1,1,1,1,1,0.083333333333333,0.066666666666667,0.090909090909091,0.125,0.111111111111111,0.1,463.084475769564,449.578899386617,476.590052152511,137.737482395083,135.267602451161,140.207362339006,486.891043270133,474.17277433361,499.609312206655,0.107218142771708,0.105332843106759,0.109172160449832,0.007260187877775,0.007132293078748,0.007392753193515,0.099961047061839,0.098133752550273,0.101857682826319,0.08687815842627,0.08446559744318,0.08929071940936,0.108351062211605,0.105836531304407,0.110865593118804,0.078406736474599,0.076101644741327,0.080711828207871,0.809344887471655,0.78577673613319,0.832913038810119,0.905117646012249,0.882597892499708,0.92763739952479,0.998491764350823,0.985873827287797,1.01110970141385,35.1679790019989
23,27,0.01,0.01,1,1,1,1,1,1,0.083333333333333,0.066666666666667,0.090909090909091,0.125,0.111111111111111,0.1,308.024436725843,299.115442289608,316.933431162078,347.674318145926,341.51551342673,353.833122865122,281.63745628439,276.558160594877,286.716751973903,0.162471040896164,0.159900398038771,0.16512568826615,0.066176938619544,0.065064387520625,0.067328199160347,0.096912479233091,0.09428651657191,0.099688903125495,0.79612991508818,0.777586480932573,0.814673349243786,0.98437490343898,0.970594846043957,0.998154960834004,0.742782352402542,0.72323739682359,0.762327307981494,0.758130252288651,0.739147468254845,0.777113036322457,0.876744226146153,0.857552514310723,0.895935937981584,0.968002453813116,0.953284162096795,0.982720745529437,10.9800741672516
27,23,0.01,0.01,1,1,1,1,1,1,0.083333333333333,0.066666666666667,0.090909090909091,0.125,0.111111111111111,0.1,312.219839580029,306.418149109712,318.021530050346,408.764239135931,397.175868330053,420.352609941809,244.856864082148,241.246985176447,248.466742987849,0.160151879658984,0.157314090505105,0.163093931372381,0.066230092351654,0.065211300016847,0.067281222972,0.09386752877123,0.091454713857255,0.096411106300965,0.792796795684543,0.772619027877537,0.81297456349155,0.995198925175865,0.979774249523298,1.01062360082843,0.739571896520191,0.720761184434898,0.758382608605485,0.758011161230235,0.745805535854412,0.770216786606058,0.833861391545335,0.815318572381248,0.852404210709423,0.937692511693236,0.922901885148266,0.952483138238206,12.9589240550995
25,25,0.01,0.01,1,1,1,1,1,1,0.083333333333333,0.066666666666667,0.090909090909091,0.125,0.111111111111111,0.1,309.723772273072,300.575125863045,318.8724186831,380.891136878527,369.70908275028,392.073191006774,263.621006737239,258.683561338009,268.558452136469,0.16101973683611,0.158842431797575,0.163257561497983,0.066381471596534,0.065248486131052,0.067554499050355,0.094802794637487,0.093474719794895,0.096169151563782,0.789738318927616,0.773152924904108,0.806323712951125,0.992885827870431,0.980493600370353,1.00527805537051,0.726600795647774,0.70538836860514,0.747813222690407,0.773221479894333,0.755294391814375,0.79114856797429,0.859883530120249,0.843312420948995,0.876454639291503,0.952249385516013,0.926123202118777,0.978375568913248,12.8004167079926
34,16,0.01,0.01,1,1,1,1,1,1,0.083333333333333,0.066666666666667,0.090909090909091,0.125,0.111111111111111,0.1,333.950404788079,327.86498225457,340.035827321588,509.506513713859,501.384532744206,517.628494683511,190.387167411269,187.699750556732,193.074584265806,0.150265444620319,0.147668165876352,0.152955724200045,0.066984755637444,0.065870411614671,0.068137451667907,0.084032883385644,0.082954000577176,0.085140199450665,0.7984520487775,0.777260677961533,0.819643419593466,0.998637422534297,0.9861190264812,1.0111558185874,0.727777282904754,0.709688960572494,0.745865605237014,0.673170979219139,0.661087826863088,0.685254131575189,0.74770250822245,0.728988876713306,0.766416139731593,0.842632496370845,0.828079056251128,0.857185936490562,13.1112267971039
29,21,0.01,0.01,1,1,1,1,1,1,0.083333333333333,0.066666666666667,0.090909090909091,0.125,0.111111111111111,0.1,316.155208103941,311.779580933067,320.530835274815,435.38693124792,428.382134229863,442.391728265978,229.042206632396,225.857285744848,232.227127519943,0.157181244522447,0.154965784766281,0.159460969437209,0.066273297513171,0.064499762105152,0.068147123597327,0.091702306991426,0.090437976967791,0.093002489096106,0.797496795316649,0.782180643928359,0.81281294670494,0.995404824916197,0.980422829494252,1.01038682033814,0.731744953362189,0.7128066843068,0.750683222417577,0.721662145050533,0.703986861992576,0.73933742810849,0.810177386578081,0.786401642236049,0.833953130920112,0.934592034551869,0.917961512960184,0.951222556143553,12.960458278656
21,29,0.01,0.01,1,1,1,1,1,1,0.083333333333333,0.066666666666667,0.090909090909091,0.125,0.111111111111111,0.1,308.680299510406,304.389581614789,312.971017406024,324.365866659797,316.453584073669,332.278149245925,299.151830947758,292.709849689939,305.593812205577,0.161552592626917,0.159439097094511,0.16372287311131,0.064391066259965,0.063504364795115,0.06530288011151,0.096935412912016,0.095368734337621,0.098554424705241,0.774019271125431,0.755048066553344,0.792990475697519,0.979537888410232,0.952938188177262,1.0061375886432,0.713061188642235,0.701034618978076,0.725087758306394,0.773015139300746,0.752285791729308,0.793744486872184,0.88861953553596,0.867210904295681,0.91002816677624,0.976743008110546,0.962358745923787,0.991127270297306,14.340204000473
33,17,0.01,0.01,1,1,1,1,1,1,0.083333333333333,0.066666666666667,0.090909090909091,0.125,0.111111111111111,0.1,327.446196618954,322.11583651344,332.776556724468,498.761105730573,483.895553351392,513.626658109754,197.165743644806,191.408616975808,202.922870313804,0.152875974041109,0.149981646360579,0.155884208655254,0.066359721878101,0.065007551504081,0.067769337975889,0.086193162334384,0.08504308768393,0.087374769329517,0.794680252930351,0.775457237220397,0.813903268640305,0.996484872884827,0.983325999204754,1.0096437465649,0.728583739583112,0.709685726622836,0.747481752543389,0.701442905326613,0.684348108702387,0.718537701950839,0.773758352800075,0.754474653021077,0.793042052579073,0.860025680109567,0.840597784603587,0.879453575615547,11.4069948196411
31,19,0.01,0.01,1,1,1,1,1,1,0.083333333333333,0.066666666666667,0.090909090909091,0.125,0.111111111111111,0.1,318.705163187358,309.652431999356,327.75789437536,464.625272093635,455.934060065405,473.316484121866,210.937857688296,204.818918293086,217.056797083506,0.156692352227178,0.153539552009467,0.159977346924714,0.066717748425965,0.06557029157845,0.067906080755673,0.090306972195825,0.08799146464011,0.092747639141012,0.801395000116392,0.782546783713382,0.820243216519402,0.999129459399684,0.986661164236664,1.0115977545627,0.728314659717077,0.708844289815332,0.747785029618822,0.716682476397518,0.701070070885286,0.732294881909749,0.812539638964593,0.798367225907195,0.826712052021991,0.904089822072976,0.881030855284507,0.927148788861445,9.9606237411499
38,12,0.01,0.01,1,1,1,1,1,1,0.083333333333333,0.066666666666667,0.090909090909091,0.125,0.111111111111111,0.1,357.605784233508,347.97064689292,367.240921574096,569.168511680768,552.124617363413,586.212405998123,164.484690627803,162.038408883916,166.930972371689,0.13974271861956,0.137554551639223,0.142001628048191,0.066578486667175,0.065106032570516,0.06811908469409,0.072929895863699,0.071886327132836,0.0740042097468,0.809134207937926,0.787213697665246,0.831054718210606,0.999227192247809,0.986641308645642,1.01181307584998,0.73086438106579,0.711163980257727,0.750564781873854,0.577504479115821,0.566400161650055,0.588608796581588,0.656147056092597,0.643551505255148,0.668742606930046,0.738732924321538,0.722977297951734,0.754488550691343,9.94889187812805
36,14,0.01,0.01,1,1,1,1,1,1,0.083333333333333,0.066666666666667,0.090909090909091,0.125,0.111111111111111,0.1,342.833991131472,336.41028541841,349.257696844534,534.079771803142,519.00640975773,549.153133848553,175.946104163245,173.34121870239,178.5509896241,0.146040396291067,0.143872507384326,0.14827461673114,0.067022673964977,0.065836644196631,0.068252219688239,0.079585313472496,0.078401513212289,0.080805410665168,0.799467762224019,0.786862042511889,0.81207348193615,0.999153504284068,0.986693343202108,1.01161366536603,0.74073449605427,0.721137846638327,0.760331145470213,0.632819530800315,0.619418272931411,0.646220788669219,0.717417918472232,0.700680324991754,0.73415551195271,0.801051672304045,0.784195890944521,0.817907453663568,12.7134501934052
40,10,0.01,0.01,1,1,1,1,1,1,0.083333333333333,0.066666666666667,0.090909090909091,0.125,0.111111111111111,0.1,379.792465680418,373.293247598733,386.291683762104,599.028963660418,588.362249034206,609.695678286631,154.457249037271,152.365779379528,156.548718695015,0.131684623488896,0.129549388262306,0.133891424226291,0.066657393925682,0.065463254368277,0.067895908430113,0.064727090937092,0.063757773438798,0.065726336752573,0.806105892385372,0.782466962168489,0.829744822602255,0.999893766085804,0.987403617980502,1.0123839141911,0.731890174737788,0.711658744549803,0.752121604925773,0.516469094710971,0.503571496160547,0.529366693261394,0.576622174274615,0.562628227408729,0.590616121140501,0.649247670832759,0.635392992060762,0.663102349604756,10.9114096164703
42,8,0.01,0.01,1,1,1,1,1,1,0.083333333333333,0.066666666666667,0.090909090909091,0.125,0.111111111111111,0.1,412.509220091751,404.40280399908,420.615636184423,629.951647108144,619.483324495853,640.419969720434,145.606389752983,141.435799807487,149.776979698479,0.121068807424429,0.117987410621394,0.124315469837892,0.066742386771432,0.065738330531867,0.067777589693128,0.055138223978539,0.05435190071602,0.05594763312205,0.801908676048427,0.782720075236123,0.82109727686073,0.999805168429725,0.987296599053973,1.01231373780548,0.730142680803287,0.713505714507657,0.746779647098917,0.437143835761244,0.427341883581281,0.446945787941207,0.491154349292765,0.478736153400419,0.503572545185111,0.549959707154614,0.535833443550908,0.564085970758319,11.6969177722931
35,15,0.01,0.01,1,1,1,1,1,1,0.083333333333333,0.066666666666667,0.090909090909091,0.125,0.111111111111111,0.1,335.82381678738,330.028399413348,341.619234161413,522.021209626824,508.740033183206,535.302386070443,183.081392633595,179.9682348764,186.19455039079,0.149094508179847,0.145182642913004,0.153223016833538,0.066693334266083,0.065384580568639,0.068055550753606,0.083232250934211,0.081055408393337,0.085529243820025,0.809072016880893,0.78818773599693,0.829956297764856,0.999295426018468,0.986838595223859,1.01175225681308,0.739175088184886,0.721905606910473,0.756444569459299,0.658192733557947,0.645770061508822,0.670615405607072,0.732467110449675,0.723482182239198,0.741452038660152,0.823664136319037,0.805922532258653,0.841405740379422,10.4641044139862
44,6,0.01,0.01,1,1,1,1,1,1,0.083333333333333,0.066666666666667,0.090909090909091,0.125,0.111111111111111,0.1,454.464472467722,446.817842899201,462.111102036242,659.185104283264,649.78337243843,668.586836128098,138.859712416688,136.696684868911,141.022739964465,0.109840621557478,0.10826032953812,0.111467732511746,0.066917415795647,0.065747897374777,0.068129294317807,0.043152032882931,0.042399030891031,0.043932264938046,0.802768572524559,0.781222349131523,0.824314795917594,0.999783676454331,0.987282404027961,1.0122849488807,0.726975878358534,0.705733007118988,0.748218749598079,0.345449921913628,0.337907691485933,0.352992152341323,0.388031770014966,0.377505529112781,0.398558010917152,0.437010610831499,0.424636682873053,0.449384538789944,10.9099543094635
50,0,0.01,0.01,1,1,1,1,1,1,0.083333333333333,0.066666666666667,0.090909090909091,0.125,0.111111111111111,0.1,749.529748751591,728.454068323715,770.605429179466,749.529748751591,728.454068323715,770.605429179466,0,0,0,0.066708948815047,0.065040630728901,0.068465106057459,0.066708948815047,0.065040630728901,0.068465106057459,0,0,0,0.79536173424328,0.778033203076216,0.812690265410344,0.999857936132064,0.987280531157007,1.01243534110712,0.737243366453452,0.724820000471188,0.749666732435717,0,0,0,0,0,0,0,0,0,8.26342844963074
39,11,0.01,0.01,1,1,1,1,1,1,0.083333333333333,0.066666666666667,0.090909090909091,0.125,0.111111111111111,0.1,367.940644611624,360.811180795524,375.070108427724,584.860646953199,573.920696769502,595.800597136896,158.531070318578,153.817442355767,163.244698281389,0.135841805900705,0.133894640847053,0.137846440060504,0.066942127248025,0.06580804010267,0.06811598785996,0.069288743430497,0.068413456976499,0.070186717095909,0.800428362851261,0.782244547619383,0.818612178083139,0.999688994174425,0.98715219339657,1.01222579495228,0.734970260747735,0.718174402804641,0.751766118690829,0.548178631438953,0.534679148356649,0.561678114521258,0.632117487079079,0.619944876056062,0.644290098102095,0.691056712185243,0.677788258865219,0.704325165505266,8.7541868686676
46,4,0.01,0.01,1,1,1,1,1,1,0.083333333333333,0.066666666666667,0.090909090909091,0.125,0.111111111111111,0.1,517.431647558091,507.978251004321,526.885044111862,687.806229072715,675.183702533751,700.428755611679,132.971798545562,130.601657918271,135.341939172852,0.096627286698911,0.095062175433127,0.098244796899273,0.066731679142121,0.065317529578624,0.068208417538556,0.030021823964197,0.029581114432901,0.030475863776361,0.801135539319963,0.778059705709156,0.824211372930769,0.999736520136349,0.98726658716552,1.01220645310718,0.741560152536482,0.726558616330765,0.7565616887422,0.239717004042371,0.23355770247255,0.245876305612193,0.271472300964586,0.265339371843819,0.277605230085352,0.299295086854959,0.291031682062505,0.307558491647412,13.0569076538086
48,2,0.01,0.01,1,1,1,1,1,1,0.083333333333333,0.066666666666667,0.090909090909091,0.125,0.111111111111111,0.1,610.410984676798,599.947345985076,620.87462336852,722.792778472238,710.894812216743,734.690744727732,129.59087177675,127.439143639017,131.742599914483,0.081874304889611,0.080473953095303,0.083324255668044,0.066461776767679,0.065215089686434,0.067757057486259,0.015485734804112,0.015075707035763,0.015918689948379,0.790046302874394,0.771707196185343,0.808385409563445,1,0.971351566868296,1.0286484331317,0.726505261605614,0.707985492348496,0.745025030862731,0.125010451529152,0.122087933179475,0.127932969878828,0.138823896866808,0.135315802302426,0.142331991431191,0.153324061297807,0.15028201072821,0.156366111867403,12.1244847774506
37,13,0.01,0.01,1,1,1,1,1,1,0.083333333333333,0.066666666666667,0.090909090909091,0.125,0.111111111111111,0.1,348.683487516924,338.6111414546,358.755833579247,558.939097707373,549.663909666392,568.214285748354,169.578074718859,164.925764248218,174.2303851895,0.142300123283835,0.139910560286137,0.144772728310497,0.066193525716228,0.064919939303603,0.067518081973211,0.076574358780618,0.074524582258116,0.078740081354981,0.796754843146251,0.776810888458647,0.816698797833855,0.998703262097686,0.986293298984766,1.01111322521061,0.726657272224418,0.714021464548702,0.739293079900135,0.610669728406853,0.596158398512117,0.625181058301589,0.696005730658705,0.676124110274196,0.715887351043213,0.756414636803308,0.737786499982476,0.775042773624139,8.77581596374512
41,9,0.01,0.01,1,1,1,1,1,1,0.083333333333333,0.066666666666667,0.090909090909091,0.125,0.111111111111111,0.1,395.051123104605,389.097495135734,401.004751073477,616.941624185563,605.005972946554,628.877275424571,149.249316789465,146.957807883512,151.540825695418,0.126631142306373,0.12431760591544,0.129032420862843,0.066448055182472,0.065196984946345,0.067748078561041,0.060103507733483,0.059133361918304,0.061106017058308,0.802060191800171,0.787750423522434,0.816369960077908,0.999960100235794,0.987445358103388,1.0124748423682,0.727824842351812,0.71287895024429,0.742770734459334,0.484614896491943,0.474037372388611,0.495192420595275,0.541516333146283,0.528116695951372,0.554915970341195,0.601926367389519,0.58653308121701,0.617319653562028,6.54882168769836
43,7,0.01,0.01,1,1,1,1,1,1,0.083333333333333,0.066666666666667,0.090909090909091,0.125,0.111111111111111,0.1,427.440718591213,416.544746313594,438.336690868833,649.125639102831,634.639915421766,663.611362783897,141.235342539004,137.546647841862,144.924037236147,0.116612277610102,0.113449435875228,0.119956529749711,0.066674726790706,0.065475660044997,0.067918530227857,0.049445915153982,0.048170690816089,0.05079049362071,0.790280636356642,0.774984457689901,0.805576815023382,1,0.971351566868296,1.0286484331317,0.730540606226267,0.714181709242913,0.746899503209621,0.392468632818053,0.381345090733108,0.403592174902999,0.444622807512068,0.434471634844267,0.45477398017987,0.490333742158049,0.478310287710338,0.502357196605761,5.79375553131104
45,5,0.01,0.01,1,1,1,1,1,1,0.083333333333333,0.066666666666667,0.090909090909091,0.125,0.111111111111111,0.1,483.944340659081,475.619359534525,492.269321783637,675.792202548537,660.086553115349,691.497851981725,135.759408783937,133.685818886126,137.832998681749,0.103603364051563,0.101858677596341,0.10540885980611,0.066913202795158,0.065013292852518,0.068927499184023,0.036842380822243,0.03630682500359,0.037393972976282,0.790652507597346,0.773194056132831,0.808110959061861,1,0.971351566868296,1.0286484331317,0.73860743614837,0.724057473533255,0.753157398763485,0.294732018382748,0.286874009865669,0.302590026899828,0.330276079616569,0.320460504914721,0.340091654318417,0.364514221776333,0.357413389853975,0.371615053698691,6.80819511413574
47,3,0.01,0.01,1,1,1,1,1,1,0.083333333333333,0.066666666666667,0.090909090909091,0.125,0.111111111111111,0.1,554.549314819053,543.483185777579,565.615443860526,701.988547678748,691.345678945695,712.631416411802,131.444299656382,129.627464106797,133.261135205968,0.090045921710762,0.088492089361569,0.091655296810693,0.066961830435148,0.066014335567795,0.067936919896428,0.022811525958104,0.022516336826727,0.023114557764798,0.811183431722215,0.795840738269872,0.826526125174557,0.999911969908715,0.987408499677784,1.01241544013965,0.735080874174977,0.718826605468361,0.751335142881592,0.185452993221485,0.181424440772612,0.189481545670358,0.205954861705306,0.200107706961864,0.211802016448749,0.22908817232123,0.224410625909771,0.233765718732689,5.83908796310425
49,1,0.01,0.01,1,1,1,1,1,1,0.083333333333333,0.066666666666667,0.090909090909091,0.125,0.111111111111111,0.1,672.805653541378,658.448762135527,687.162544947229,738.360230119933,724.17568382145,752.544776418416,127.967507565365,124.649362910772,131.285652219957,0.074306582531467,0.072849164557993,0.075823505062569,0.066368897519528,0.064460321161753,0.068393942689639,0.007814483684378,0.007616978573748,0.008022503899325,0.805631486747933,0.781690551089286,0.82957242240658,1,0.971351566868296,1.0286484331317,0.739810708742818,0.720467909881902,0.759153507603735,0.063585691409586,0.061873052250508,0.065298330568665,0.070844666670187,0.069184821855201,0.072504511485173,0.078007468034022,0.0758894969476,0.080125439120444,7.13560271263123
